azimuth[deg], altitude[deg], patchArea, vector.x, vector.y, vector.z, radiance
2.5, 2.5, 0.001210496427050808, 0.043577871, 0.998097349, 0.043619387, 0.335945790849849
7.5, 2.5, 0.001210496427050808, 0.13040196, 0.990501226, 0.043619387, 0.31178796766033706
12.5, 2.5, 0.001210496427050808, 0.216233611, 0.97536679, 0.043619387, 0.28647425189413045
17.5, 2.5, 0.001210496427050808, 0.300419594, 0.952809224, 0.043619387, 0.2608194182066831
22.5, 2.5, 0.001210496427050808, 0.382319203, 0.923000204, 0.043619387, 0.23565722168890577
27.5, 2.5, 0.001210496427050808, 0.461309131, 0.886166595, 0.043619387, 0.21181641252300684
32.5, 2.5, 0.001210496427050808, 0.536788218, 0.842588724, 0.043619387, 0.19009727263259726
37.5, 2.5, 0.001210496427050808, 0.608182023, 0.792598244, 0.043619387, 0.17124946870818664
42.5, 2.5, 0.001210496427050808, 0.674947195, 0.736575612, 0.043619387, 0.1559519881980533
47.5, 2.5, 0.001210496427050808, 0.736575612, 0.674947195, 0.043619387, 0.14479587222630969
52.5, 2.5, 0.001210496427050808, 0.792598244, 0.608182023, 0.043619387, 0.1382703805403099
57.5, 2.5, 0.001210496427050808, 0.842588724, 0.536788218, 0.043619387, 0.1367531159452772
62.5, 2.5, 0.001210496427050808, 0.886166595, 0.461309131, 0.043619387, 0.14050449443340562
67.5, 2.5, 0.001210496427050808, 0.923000204, 0.382319203, 0.043619387, 0.1496667636357914
72.5, 2.5, 0.001210496427050808, 0.952809224, 0.300419594, 0.043619387, 0.16426753133923824
77.5, 2.5, 0.001210496427050808, 0.97536679, 0.216233611, 0.043619387, 0.18422744308479722
82.5, 2.5, 0.001210496427050808, 0.990501226, 0.13040196, 0.043619387, 0.2093712049103822
87.5, 2.5, 0.001210496427050808, 0.998097349, 0.043577871, 0.043619387, 0.2394405270344313
92.5, 2.5, 0.001210496427050808, 0.998097349, -0.043577871, 0.043619387, 0.2741066877141941
97.5, 2.5, 0.001210496427050808, 0.990501226, -0.13040196, 0.043619387, 0.3129791876227297
102.5, 2.5, 0.001210496427050808, 0.97536679, -0.216233611, 0.043619387, 0.35560530056857087
107.5, 2.5, 0.001210496427050808, 0.952809224, -0.300419594, 0.043619387, 0.40145324997837556
112.5, 2.5, 0.001210496427050808, 0.923000204, -0.382319203, 0.043619387, 0.4498696261065077
117.5, 2.5, 0.001210496427050808, 0.886166595, -0.461309131, 0.043619387, 0.5000007723896167
122.5, 2.5, 0.001210496427050808, 0.842588724, -0.536788218, 0.043619387, 0.5506713811561578
127.5, 2.5, 0.001210496427050808, 0.792598244, -0.608182023, 0.043619387, 0.6002278314207664
132.5, 2.5, 0.001210496427050808, 0.736575612, -0.674947195, 0.043619387, 0.646388241533016
137.5, 2.5, 0.001210496427050808, 0.674947195, -0.736575612, 0.043619387, 0.6862002957811343
142.5, 2.5, 0.001210496427050808, 0.608182023, -0.792598244, 0.043619387, 0.7162661728323776
147.5, 2.5, 0.001210496427050808, 0.536788218, -0.842588724, 0.043619387, 0.733363495580903
152.5, 2.5, 0.001210496427050808, 0.461309131, -0.886166595, 0.043619387, 0.7353635576832183
157.5, 2.5, 0.001210496427050808, 0.382319203, -0.923000204, 0.043619387, 0.7220020068009807
162.5, 2.5, 0.001210496427050808, 0.300419594, -0.952809224, 0.043619387, 0.6949832972908022
167.5, 2.5, 0.001210496427050808, 0.216233611, -0.97536679, 0.043619387, 0.6573409830281326
172.5, 2.5, 0.001210496427050808, 0.13040196, -0.990501226, 0.043619387, 0.6125034297509268
177.5, 2.5, 0.001210496427050808, 0.043577871, -0.998097349, 0.043619387, 0.5635732586719039
182.5, 2.5, 0.001210496427050808, -0.043577871, -0.998097349, 0.043619387, 0.5130079706667491
187.5, 2.5, 0.001210496427050808, -0.13040196, -0.990501226, 0.043619387, 0.46261009440368517
192.5, 2.5, 0.001210496427050808, -0.216233611, -0.97536679, 0.043619387, 0.41366188798158404
197.5, 2.5, 0.001210496427050808, -0.300419594, -0.952809224, 0.043619387, 0.36708624398742257
202.5, 2.5, 0.001210496427050808, -0.382319203, -0.923000204, 0.043619387, 0.3235788067305538
207.5, 2.5, 0.001210496427050808, -0.461309131, -0.886166595, 0.043619387, 0.28369723800586394
212.5, 2.5, 0.001210496427050808, -0.536788218, -0.842588724, 0.043619387, 0.24791209298068156
217.5, 2.5, 0.001210496427050808, -0.608182023, -0.792598244, 0.043619387, 0.21662928578284327
222.5, 2.5, 0.001210496427050808, -0.674947195, -0.736575612, 0.043619387, 0.19019395771716155
227.5, 2.5, 0.001210496427050808, -0.736575612, -0.674947195, 0.043619387, 0.16888358663957523
232.5, 2.5, 0.001210496427050808, -0.792598244, -0.608182023, 0.043619387, 0.15289603115998399
237.5, 2.5, 0.001210496427050808, -0.842588724, -0.536788218, 0.043619387, 0.14233642280407482
242.5, 2.5, 0.001210496427050808, -0.886166595, -0.461309131, 0.043619387, 0.1372054846699143
247.5, 2.5, 0.001210496427050808, -0.923000204, -0.382319203, 0.043619387, 0.13739089762374582
252.5, 2.5, 0.001210496427050808, -0.952809224, -0.300419594, 0.043619387, 0.14266265745636433
257.5, 2.5, 0.001210496427050808, -0.97536679, -0.216233611, 0.043619387, 0.15267288426139303
262.5, 2.5, 0.001210496427050808, -0.990501226, -0.13040196, 0.043619387, 0.16696019604532575
267.5, 2.5, 0.001210496427050808, -0.998097349, -0.043577871, 0.043619387, 0.1849584995038394
272.5, 2.5, 0.001210496427050808, -0.998097349, 0.043577871, 0.043619387, 0.20600985435952912
277.5, 2.5, 0.001210496427050808, -0.990501226, 0.13040196, 0.043619387, 0.22938091657819282
282.5, 2.5, 0.001210496427050808, -0.97536679, 0.216233611, 0.043619387, 0.2542823500954312
287.5, 2.5, 0.001210496427050808, -0.952809224, 0.300419594, 0.043619387, 0.27989051075080623
292.5, 2.5, 0.001210496427050808, -0.923000204, 0.382319203, 0.043619387, 0.30537064693147764
297.5, 2.5, 0.001210496427050808, -0.886166595, 0.461309131, 0.043619387, 0.3299008273626072
302.5, 2.5, 0.001210496427050808, -0.842588724, 0.536788218, 0.043619387, 0.35269579652049954
307.5, 2.5, 0.001210496427050808, -0.792598244, 0.608182023, 0.043619387, 0.3730299713361165
312.5, 2.5, 0.001210496427050808, -0.736575612, 0.674947195, 0.043619387, 0.39025882815824353
317.5, 2.5, 0.001210496427050808, -0.674947195, 0.736575612, 0.043619387, 0.40383798548303096
322.5, 2.5, 0.001210496427050808, -0.608182023, 0.792598244, 0.043619387, 0.4133393656210042
327.5, 2.5, 0.001210496427050808, -0.536788218, 0.842588724, 0.043619387, 0.4184639178614662
332.5, 2.5, 0.001210496427050808, -0.461309131, 0.886166595, 0.043619387, 0.4190505054270784
337.5, 2.5, 0.001210496427050808, -0.382319203, 0.923000204, 0.043619387, 0.4150806904368042
342.5, 2.5, 0.001210496427050808, -0.300419594, 0.952809224, 0.043619387, 0.4066792811609491
347.5, 2.5, 0.001210496427050808, -0.216233611, 0.97536679, 0.043619387, 0.3941106264973693
352.5, 2.5, 0.001210496427050808, -0.13040196, 0.990501226, 0.043619387, 0.3777707615898737
357.5, 2.5, 0.001210496427050808, -0.043577871, 0.998097349, 0.043619387, 0.35817563627416704
2.53521, 7.5, 0.001218203308722143, 0.043854924, 0.990474461, 0.130526192, 0.27937103473495606
7.60563, 7.5, 0.001218203308722143, 0.131221549, 0.982722656, 0.130526192, 0.25890466337313756
12.67606, 7.5, 0.001218203308722143, 0.217561187, 0.967279713, 0.130526192, 0.23759027957019663
17.74648, 7.5, 0.001218203308722143, 0.302198113, 0.944266495, 0.130526192, 0.21618198951314363
22.8169, 7.5, 0.001218203308722143, 0.38446993, 0.913863111, 0.130526192, 0.19545032809329013
27.88732, 7.5, 0.001218203308722143, 0.463732748, 0.87630751, 0.130526192, 0.1761593929250549
32.95775, 7.5, 0.001218203308722143, 0.539366228, 0.831893614, 0.130526192, 0.15904459007406266
38.02817, 7.5, 0.001218203308722143, 0.610778437, 0.780969022, 0.130526192, 0.1447917952909994
43.09859, 7.5, 0.001218203308722143, 0.677410476, 0.72393229, 0.130526192, 0.13401871044564076
48.16901, 7.5, 0.001218203308722143, 0.73874086, 0.661229805, 0.130526192, 0.12725914707430858
53.23944, 7.5, 0.001218203308722143, 0.794289595, 0.593352301, 0.130526192, 0.12495089650792983
58.30986, 7.5, 0.001218203308722143, 0.843621937, 0.52083101, 0.130526192, 0.12742774662552606
63.38028, 7.5, 0.001218203308722143, 0.886351793, 0.444233511, 0.130526192, 0.13491607386957413
68.4507, 7.5, 0.001218203308722143, 0.922144745, 0.364159282, 0.130526192, 0.14753626585730378
73.52113, 7.5, 0.001218203308722143, 0.950720664, 0.281235012, 0.130526192, 0.16530899641463884
78.59155, 7.5, 0.001218203308722143, 0.971855905, 0.196109698, 0.130526192, 0.18816604888289537
83.66197, 7.5, 0.001218203308722143, 0.985385055, 0.109449559, 0.130526192, 0.2159649102273946
88.73239, 7.5, 0.001218203308722143, 0.991202232, 0.02193283, 0.130526192, 0.24850564726618782
93.80282, 7.5, 0.001218203308722143, 0.989261907, -0.065755554, 0.130526192, 0.28554748271474195
98.87324, 7.5, 0.001218203308722143, 0.979579266, -0.152929312, 0.130526192, 0.3268207928734194
103.94366, 7.5, 0.001218203308722143, 0.96223009, -0.23890619, 0.130526192, 0.37202764467091837
109.01408, 7.5, 0.001218203308722143, 0.937350158, -0.323013304, 0.130526192, 0.4208201334307765
114.08451, 7.5, 0.001218203308722143, 0.90513419, -0.4045924, 0.130526192, 0.4727405451618762
119.15493, 7.5, 0.001218203308722143, 0.865834321, -0.483005013, 0.130526192, 0.5271016780509515
124.22535, 7.5, 0.001218203308722143, 0.819758123, -0.557637456, 0.130526192, 0.5827838016380263
129.29577, 7.5, 0.001218203308722143, 0.767266207, -0.62790563, 0.130526192, 0.637939383457558
134.3662, 7.5, 0.001218203308722143, 0.708769393, -0.693259591, 0.130526192, 0.689655821678166
139.43662, 7.5, 0.001218203308722143, 0.644725497, -0.753187856, 0.130526192, 0.7337668643100833
144.50704, 7.5, 0.001218203308722143, 0.57563575, -0.807221405, 0.130526192, 0.7651997112533732
149.57746, 7.5, 0.001218203308722143, 0.502040872, -0.854937352, 0.130526192, 0.7792378485232833
154.64789, 7.5, 0.001218203308722143, 0.424516845, -0.895962255, 0.130526192, 0.7734236395191761
159.71831, 7.5, 0.001218203308722143, 0.343670397, -0.929975038, 0.130526192, 0.7488032718187061
164.78873, 7.5, 0.001218203308722143, 0.260134262, -0.956709506, 0.130526192, 0.7093764454355491
169.85915, 7.5, 0.001218203308722143, 0.174562224, -0.975956425, 0.130526192, 0.6602756001923467
174.92958, 7.5, 0.001218203308722143, 0.087624001, -0.987565161, 0.130526192, 0.6061371618992174
180.0, 7.5, 0.001218203308722143, 0.0, -0.991444861, 0.130526192, 0.5503970602400117
185.07042, 7.5, 0.001218203308722143, -0.087624001, -0.987565161, 0.130526192, 0.4953108484116862
190.14085, 7.5, 0.001218203308722143, -0.174562224, -0.975956425, 0.130526192, 0.4422631091298187
195.21127, 7.5, 0.001218203308722143, -0.260134262, -0.956709506, 0.130526192, 0.3920923878175221
200.28169, 7.5, 0.001218203308722143, -0.343670397, -0.929975038, 0.130526192, 0.3453338357094723
205.35211, 7.5, 0.001218203308722143, -0.424516845, -0.895962255, 0.130526192, 0.3023712587210341
210.42254, 7.5, 0.001218203308722143, -0.502040872, -0.854937352, 0.130526192, 0.26351915429219636
215.49296, 7.5, 0.001218203308722143, -0.57563575, -0.807221405, 0.130526192, 0.2290581098296514
220.56338, 7.5, 0.001218203308722143, -0.644725497, -0.753187856, 0.130526192, 0.19924200270019082
225.6338, 7.5, 0.001218203308722143, -0.708769393, -0.693259591, 0.130526192, 0.17428978429929545
230.70423, 7.5, 0.001218203308722143, -0.767266207, -0.62790563, 0.130526192, 0.15437017906164435
235.77465, 7.5, 0.001218203308722143, -0.819758123, -0.557637456, 0.130526192, 0.1395845387111686
240.84507, 7.5, 0.001218203308722143, -0.865834321, -0.483005013, 0.130526192, 0.12995105674645654
245.91549, 7.5, 0.001218203308722143, -0.90513419, -0.4045924, 0.130526192, 0.12539223354654286
250.98592, 7.5, 0.001218203308722143, -0.937350158, -0.323013304, 0.130526192, 0.12572663223174707
256.05634, 7.5, 0.001218203308722143, -0.96223009, -0.23890619, 0.130526192, 0.13066540591258358
261.12676, 7.5, 0.001218203308722143, -0.979579266, -0.152929312, 0.130526192, 0.13981369752610848
266.19718, 7.5, 0.001218203308722143, -0.989261907, -0.065755554, 0.130526192, 0.15267674613459767
271.26761, 7.5, 0.001218203308722143, -0.991202232, 0.02193283, 0.130526192, 0.1686703378698532
276.33803, 7.5, 0.001218203308722143, -0.985385055, 0.109449559, 0.130526192, 0.18713509230759273
281.40845, 7.5, 0.001218203308722143, -0.971855905, 0.196109698, 0.130526192, 0.2073539630399814
286.47887, 7.5, 0.001218203308722143, -0.950720664, 0.281235012, 0.130526192, 0.2285722478445369
291.5493, 7.5, 0.001218203308722143, -0.922144745, 0.364159282, 0.130526192, 0.2500193458869569
296.61972, 7.5, 0.001218203308722143, -0.886351793, 0.444233511, 0.130526192, 0.2709314654296873
301.69014, 7.5, 0.001218203308722143, -0.843621937, 0.52083101, 0.130526192, 0.29057447492039573
306.76056, 7.5, 0.001218203308722143, -0.794289595, 0.593352301, 0.130526192, 0.30826610266103155
311.83099, 7.5, 0.001218203308722143, -0.73874086, 0.661229805, 0.130526192, 0.32339672497086014
316.90141, 7.5, 0.001218203308722143, -0.677410476, 0.72393229, 0.130526192, 0.33544803920173594
321.97183, 7.5, 0.001218203308722143, -0.610778437, 0.780969022, 0.130526192, 0.3440089954185939
327.04225, 7.5, 0.001218203308722143, -0.539366228, 0.831893614, 0.130526192, 0.348788457897271
332.11268, 7.5, 0.001218203308722143, -0.463732748, 0.87630751, 0.130526192, 0.34962418213059326
337.1831, 7.5, 0.001218203308722143, -0.38446993, 0.913863111, 0.130526192, 0.34648781927076067
342.25352, 7.5, 0.001218203308722143, -0.302198113, 0.944266495, 0.130526192, 0.3394857906006397
347.32394, 7.5, 0.001218203308722143, -0.217561187, 0.967279713, 0.130526192, 0.3288560048306874
352.39437, 7.5, 0.001218203308722143, -0.131221549, 0.982722656, 0.130526192, 0.3149605208262912
357.46479, 7.5, 0.001218203308722143, -0.043854924, 0.990474461, 0.130526192, 0.2982743891471039
2.57143, 12.5, 0.0012167266776512914, 0.043801355, 0.975312942, 0.216439614, 0.2125190626513559
7.71429, 12.5, 0.0012167266776512914, 0.131051401, 0.967460296, 0.216439614, 0.19688516939989892
12.85714, 12.5, 0.0012167266776512914, 0.217246299, 0.951818228, 0.216439614, 0.18073028140524544
18.0, 12.5, 0.0012167266776512914, 0.301692058, 0.928512679, 0.216439614, 0.16468962508118337
23.14286, 12.5, 0.0012167266776512914, 0.383708769, 0.897731293, 0.216439614, 0.1494113159371819
28.28571, 12.5, 0.0012167266776512914, 0.462636083, 0.859721902, 0.216439614, 0.13553654493346834
33.42857, 12.5, 0.0012167266776512914, 0.537838523, 0.814790535, 0.216439614, 0.12368040917944773
38.57143, 12.5, 0.0012167266776512914, 0.608710604, 0.763298955, 0.216439614, 0.11441412981783532
43.71429, 12.5, 0.0012167266776512914, 0.674681705, 0.70566174, 0.216439614, 0.10824938255604238
48.85714, 12.5, 0.0012167266776512914, 0.735220665, 0.642342951, 0.216439614, 0.10562542908079445
54.0, 12.5, 0.0012167266776512914, 0.789840061, 0.573852395, 0.216439614, 0.1068996804075536
59.14286, 12.5, 0.0012167266776512914, 0.83810013, 0.500741517, 0.216439614, 0.11234224485562987
64.28571, 12.5, 0.0012167266776512914, 0.879612308, 0.423598962, 0.216439614, 0.12213491011860426
69.42857, 12.5, 0.0012167266776512914, 0.914042366, 0.343045838, 0.216439614, 0.1363748723359261
74.57143, 12.5, 0.0012167266776512914, 0.941113092, 0.25973071, 0.216439614, 0.1550833378864986
79.71429, 12.5, 0.0012167266776512914, 0.960606529, 0.174324383, 0.216439614, 0.17821885282343436
84.85714, 12.5, 0.0012167266776512914, 0.972365726, 0.087514499, 0.216439614, 0.205694799677333
90.0, 12.5, 0.0012167266776512914, 0.976296007, 0.0, 0.216439614, 0.23739983213154178
95.14286, 12.5, 0.0012167266776512914, 0.972365726, -0.087514499, 0.216439614, 0.2732188996542075
100.28571, 12.5, 0.0012167266776512914, 0.960606529, -0.174324383, 0.216439614, 0.31305060373269494
105.42857, 12.5, 0.0012167266776512914, 0.941113092, -0.25973071, 0.216439614, 0.3568133359252265
110.57143, 12.5, 0.0012167266776512914, 0.914042366, -0.343045838, 0.216439614, 0.40442701188840025
115.71429, 12.5, 0.0012167266776512914, 0.879612308, -0.423598962, 0.216439614, 0.4557478410938233
120.85714, 12.5, 0.0012167266776512914, 0.83810013, -0.500741517, 0.216439614, 0.5104191489283524
126.0, 12.5, 0.0012167266776512914, 0.789840061, -0.573852395, 0.216439614, 0.5675835031539889
131.14286, 12.5, 0.0012167266776512914, 0.735220665, -0.642342951, 0.216439614, 0.6253960130625683
136.28571, 12.5, 0.0012167266776512914, 0.674681705, -0.70566174, 0.216439614, 0.6803459766471516
141.42857, 12.5, 0.0012167266776512914, 0.608710604, -0.763298955, 0.216439614, 0.7266818348034628
146.57143, 12.5, 0.0012167266776512914, 0.537838523, -0.814790535, 0.216439614, 0.7568556115238901
151.71429, 12.5, 0.0012167266776512914, 0.462636083, -0.859721902, 0.216439614, 0.7641639223589883
156.85714, 12.5, 0.0012167266776512914, 0.383708769, -0.897731293, 0.216439614, 0.7467294543336448
162.0, 12.5, 0.0012167266776512914, 0.301692058, -0.928512679, 0.216439614, 0.7088602540596405
167.14286, 12.5, 0.0012167266776512914, 0.217246299, -0.951818228, 0.216439614, 0.6580844405863523
172.28571, 12.5, 0.0012167266776512914, 0.131051401, -0.967460296, 0.216439614, 0.6013769945778783
177.42857, 12.5, 0.0012167266776512914, 0.043801355, -0.975312942, 0.216439614, 0.5435205368547857
182.57143, 12.5, 0.0012167266776512914, -0.043801355, -0.975312942, 0.216439614, 0.48724238894668825
187.71429, 12.5, 0.0012167266776512914, -0.131051401, -0.967460296, 0.216439614, 0.43390201747460894
192.85714, 12.5, 0.0012167266776512914, -0.217246299, -0.951818228, 0.216439614, 0.3841013630013914
198.0, 12.5, 0.0012167266776512914, -0.301692058, -0.928512679, 0.216439614, 0.33808269630202076
203.14286, 12.5, 0.0012167266776512914, -0.383708769, -0.897731293, 0.216439614, 0.2959509624740892
208.28571, 12.5, 0.0012167266776512914, -0.462636083, -0.859721902, 0.216439614, 0.2577823049949278
213.42857, 12.5, 0.0012167266776512914, -0.537838523, -0.814790535, 0.216439614, 0.22366615760470515
218.57143, 12.5, 0.0012167266776512914, -0.608710604, -0.763298955, 0.216439614, 0.19371122847401576
223.71429, 12.5, 0.0012167266776512914, -0.674681705, -0.70566174, 0.216439614, 0.16803347046892209
228.85714, 12.5, 0.0012167266776512914, -0.735220665, -0.642342951, 0.216439614, 0.14673650628460377
234.0, 12.5, 0.0012167266776512914, -0.789840061, -0.573852395, 0.216439614, 0.12989046541412597
239.14286, 12.5, 0.0012167266776512914, -0.83810013, -0.500741517, 0.216439614, 0.11751256725779118
244.28571, 12.5, 0.0012167266776512914, -0.879612308, -0.423598962, 0.216439614, 0.10955125941402445
249.42857, 12.5, 0.0012167266776512914, -0.914042366, -0.343045838, 0.216439614, 0.10587482057657582
254.57143, 12.5, 0.0012167266776512914, -0.941113092, -0.25973071, 0.216439614, 0.10626479195666981
259.71429, 12.5, 0.0012167266776512914, -0.960606529, -0.174324383, 0.216439614, 0.11041425609494901
264.85714, 12.5, 0.0012167266776512914, -0.972365726, -0.087514499, 0.216439614, 0.1179307514471386
270.0, 12.5, 0.0012167266776512914, -0.976296007, -0.0, 0.216439614, 0.12834344796579755
275.14286, 12.5, 0.0012167266776512914, -0.972365726, 0.087514499, 0.216439614, 0.14111408772491849
280.28571, 12.5, 0.0012167266776512914, -0.960606529, 0.174324383, 0.216439614, 0.1556511024718982
285.42857, 12.5, 0.0012167266776512914, -0.941113092, 0.25973071, 0.216439614, 0.17132625073159452
290.57143, 12.5, 0.0012167266776512914, -0.914042366, 0.343045838, 0.216439614, 0.18749306829075754
295.71429, 12.5, 0.0012167266776512914, -0.879612308, 0.423598962, 0.216439614, 0.2035063969271452
300.85714, 12.5, 0.0012167266776512914, -0.83810013, 0.500741517, 0.216439614, 0.21874224720535887
306.0, 12.5, 0.0012167266776512914, -0.789840061, 0.573852395, 0.216439614, 0.23261726223377083
311.14286, 12.5, 0.0012167266776512914, -0.735220665, 0.642342951, 0.216439614, 0.24460708044336352
316.28571, 12.5, 0.0012167266776512914, -0.674681705, 0.70566174, 0.216439614, 0.2542629463405013
321.42857, 12.5, 0.0012167266776512914, -0.608710604, 0.763298955, 0.216439614, 0.2612259879935771
326.57143, 12.5, 0.0012167266776512914, -0.537838523, 0.814790535, 0.216439614, 0.2652386672751189
331.71429, 12.5, 0.0012167266776512914, -0.462636083, 0.859721902, 0.216439614, 0.2661530110758609
336.85714, 12.5, 0.0012167266776512914, -0.383708769, 0.897731293, 0.216439614, 0.2639353450163378
342.0, 12.5, 0.0012167266776512914, -0.301692058, 0.928512679, 0.216439614, 0.2586673710786857
347.14286, 12.5, 0.0012167266776512914, -0.217246299, 0.951818228, 0.216439614, 0.2505435532498018
352.28571, 12.5, 0.0012167266776512914, -0.131051401, 0.967460296, 0.216439614, 0.23986489841950193
357.42857, 12.5, 0.0012167266776512914, -0.043801355, 0.975312942, 0.216439614, 0.22702934165379854
2.6087, 17.5, 0.001205813017726782, 0.043408045, 0.952728589, 0.3007058, 0.16101655143498436
7.82609, 17.5, 0.001205813017726782, 0.129864441, 0.94483398, 0.3007058, 0.1493606613177575
13.04348, 17.5, 0.001205813017726782, 0.21524474, 0.929110179, 0.3007058, 0.13744016598980138
18.26087, 17.5, 0.001205813017726782, 0.298841454, 0.905687478, 0.3007058, 0.12578413794194718
23.47826, 17.5, 0.001205813017726782, 0.379961873, 0.874759966, 0.3007058, 0.11493160855689916
28.69565, 17.5, 0.001205813017726782, 0.457933808, 0.836583917, 0.3007058, 0.10541461810839364
33.91304, 17.5, 0.001205813017726782, 0.532111159, 0.79147567, 0.3007058, 0.0977419298400873
39.13043, 17.5, 0.001205813017726782, 0.60187927, 0.739809007, 0.3007058, 0.09238408910678311
44.34783, 17.5, 0.001205813017726782, 0.666660019, 0.682012053, 0.3007058, 0.08976049792085715
49.56522, 17.5, 0.001205813017726782, 0.725916614, 0.618563733, 0.3007058, 0.09022914886434945
54.78261, 17.5, 0.001205813017726782, 0.779158035, 0.549989798, 0.3007058, 0.09407962121053631
60.0, 17.5, 0.001205813017726782, 0.825943107, 0.476858475, 0.3007058, 0.1015298866591628
65.21739, 17.5, 0.001205813017726782, 0.865884155, 0.399775753, 0.3007058, 0.11272740102069889
70.43478, 17.5, 0.001205813017726782, 0.898650213, 0.319380363, 0.3007058, 0.127754866440675
75.65217, 17.5, 0.001205813017726782, 0.923969773, 0.236338486, 0.3007058, 0.14664092385963623
80.86957, 17.5, 0.001205813017726782, 0.941633029, 0.151338234, 0.3007058, 0.16937585060415639
86.08696, 17.5, 0.001205813017726782, 0.951493616, 0.065083946, 0.3007058, 0.19593203929196507
91.30435, 17.5, 0.001205813017726782, 0.953469828, -0.021709648, 0.3007058, 0.22628851521581675
96.52174, 17.5, 0.001205813017726782, 0.947545289, -0.108323349, 0.3007058, 0.2604578015284741
101.73913, 17.5, 0.001205813017726782, 0.933769091, -0.194039448, 0.3007058, 0.29851165387653106
106.95652, 17.5, 0.001205813017726782, 0.912255388, -0.278147676, 0.3007058, 0.3405987399508316
112.17391, 17.5, 0.001205813017726782, 0.883182449, -0.359951085, 0.3007058, 0.38694059023170274
117.3913, 17.5, 0.001205813017726782, 0.846791183, -0.438771825, 0.3007058, 0.43777880795902846
122.6087, 17.5, 0.001205813017726782, 0.803383138, -0.513956764, 0.3007058, 0.4932203334170544
127.82609, 17.5, 0.001205813017726782, 0.753318008, -0.584882895, 0.3007058, 0.5528785927648058
133.04348, 17.5, 0.001205813017726782, 0.697010647, -0.650962502, 0.3007058, 0.6151327883611215
138.26087, 17.5, 0.001205813017726782, 0.634927637, -0.71164803, 0.3007058, 0.6757975961231129
143.47826, 17.5, 0.001205813017726782, 0.567583416, -0.766436617, 0.3007058, 0.7264417065789055
148.69565, 17.5, 0.001205813017726782, 0.49553602, -0.814874269, 0.3007058, 0.7546025395397497
153.91304, 17.5, 0.001205813017726782, 0.419382457, -0.856559617, 0.3007058, 0.7502775988370536
159.13043, 17.5, 0.001205813017726782, 0.339753759, -0.891147241, 0.3007058, 0.7151733758406841
164.34783, 17.5, 0.001205813017726782, 0.257309754, -0.918350539, 0.3007058, 0.6609125745610323
169.56522, 17.5, 0.001205813017726782, 0.172733599, -0.937944095, 0.3007058, 0.5992386824920432
174.78261, 17.5, 0.001205813017726782, 0.08672612, -0.949765551, 0.3007058, 0.5373783133434473
180.0, 17.5, 0.001205813017726782, 0.0, -0.953716951, 0.3007058, 0.4787045894372857
185.21739, 17.5, 0.001205813017726782, -0.08672612, -0.949765551, 0.3007058, 0.4244246633972052
190.43478, 17.5, 0.001205813017726782, -0.172733599, -0.937944095, 0.3007058, 0.3747485124344305
195.65217, 17.5, 0.001205813017726782, -0.257309754, -0.918350539, 0.3007058, 0.32951146983484164
200.86957, 17.5, 0.001205813017726782, -0.339753759, -0.891147241, 0.3007058, 0.2884676896584219
206.08696, 17.5, 0.001205813017726782, -0.419382457, -0.856559617, 0.3007058, 0.2514117367149613
211.30435, 17.5, 0.001205813017726782, -0.49553602, -0.814874269, 0.3007058, 0.21821529342628895
216.52174, 17.5, 0.001205813017726782, -0.567583416, -0.766436617, 0.3007058, 0.18882381642922139
221.73913, 17.5, 0.001205813017726782, -0.634927637, -0.71164803, 0.3007058, 0.1632358621944578
226.95652, 17.5, 0.001205813017726782, -0.697010647, -0.650962502, 0.3007058, 0.14147658564538623
232.17391, 17.5, 0.001205813017726782, -0.753318008, -0.584882895, 0.3007058, 0.12357123298782931
237.3913, 17.5, 0.001205813017726782, -0.803383138, -0.513956764, 0.3007058, 0.1095215381076907
242.6087, 17.5, 0.001205813017726782, -0.846791183, -0.438771825, 0.3007058, 0.09928641399849071
247.82609, 17.5, 0.001205813017726782, -0.883182449, -0.359951085, 0.3007058, 0.0927675202657807
253.04348, 17.5, 0.001205813017726782, -0.912255388, -0.278147676, 0.3007058, 0.08979983921899118
258.26087, 17.5, 0.001205813017726782, -0.933769091, -0.194039448, 0.3007058, 0.09014713069411219
263.47826, 17.5, 0.001205813017726782, -0.947545289, -0.108323349, 0.3007058, 0.09350196990018585
268.69565, 17.5, 0.001205813017726782, -0.953469828, -0.021709648, 0.3007058, 0.09948995791818063
273.91304, 17.5, 0.001205813017726782, -0.951493616, 0.065083946, 0.3007058, 0.10767760879140116
279.13043, 17.5, 0.001205813017726782, -0.941633029, 0.151338234, 0.3007058, 0.11758335033194034
284.34783, 17.5, 0.001205813017726782, -0.923969773, 0.236338486, 0.3007058, 0.12869102399709034
289.56522, 17.5, 0.001205813017726782, -0.898650213, 0.319380363, 0.3007058, 0.14046523173973327
294.78261, 17.5, 0.001205813017726782, -0.865884155, 0.399775753, 0.3007058, 0.15236785525172925
300.0, 17.5, 0.001205813017726782, -0.825943107, 0.476858475, 0.3007058, 0.16387506654690728
305.21739, 17.5, 0.001205813017726782, -0.779158035, 0.549989798, 0.3007058, 0.17449415929495815
310.43478, 17.5, 0.001205813017726782, -0.725916614, 0.618563733, 0.3007058, 0.18377955824785022
315.65217, 17.5, 0.001205813017726782, -0.666660019, 0.682012053, 0.3007058, 0.19134740949711443
320.86957, 17.5, 0.001205813017726782, -0.60187927, 0.739809007, 0.3007058, 0.19688821655769398
326.08696, 17.5, 0.001205813017726782, -0.532111159, 0.79147567, 0.3007058, 0.20017706508494007
331.30435, 17.5, 0.001205813017726782, -0.457933808, 0.836583917, 0.3007058, 0.20108107027958058
336.52174, 17.5, 0.001205813017726782, -0.379961873, 0.874759966, 0.3007058, 0.1995637828120707
341.73913, 17.5, 0.001205813017726782, -0.298841454, 0.905687478, 0.3007058, 0.1956863980234973
346.95652, 17.5, 0.001205813017726782, -0.21524474, 0.929110179, 0.3007058, 0.18960572594386682
352.17391, 17.5, 0.001205813017726782, -0.129864441, 0.94483398, 0.3007058, 0.18156899344439842
357.3913, 17.5, 0.001205813017726782, -0.043408045, 0.952728589, 0.3007058, 0.17190566193283252
2.68657, 22.5, 0.0012029569912691148, 0.043304324, 0.922864089, 0.382683432, 0.12364210549565777
8.0597, 22.5, 0.0012029569912691148, 0.129532412, 0.914753926, 0.382683432, 0.11495490010232462
13.43284, 22.5, 0.0012029569912691148, 0.214622164, 0.898604873, 0.382683432, 0.1062059967171072
18.80597, 22.5, 0.0012029569912691148, 0.297825809, 0.874558848, 0.382683432, 0.09785788894513332
24.1791, 22.5, 0.0012029569912691148, 0.378412151, 0.842827168, 0.382683432, 0.09038065060731075
29.55224, 22.5, 0.0012029569912691148, 0.455672992, 0.803688693, 0.382683432, 0.08423632242982942
34.92537, 22.5, 0.0012029569912691148, 0.528929363, 0.757487372, 0.382683432, 0.07986407748117703
40.29851, 22.5, 0.0012029569912691148, 0.597537484, 0.704629226, 0.382683432, 0.07766686144586389
45.67164, 22.5, 0.0012029569912691148, 0.660894424, 0.645578772, 0.382683432, 0.07800019761260207
51.04478, 22.5, 0.0012029569912691148, 0.7184434, 0.580854949, 0.382683432, 0.08116382675879373
56.41791, 22.5, 0.0012029569912691148, 0.769678669, 0.511026552, 0.382683432, 0.08739682151946059
61.79104, 22.5, 0.0012029569912691148, 0.814149975, 0.436707235, 0.382683432, 0.09687677596494498
67.16418, 22.5, 0.0012029569912691148, 0.851466501, 0.358550119, 0.382683432, 0.10972362577340027
72.53731, 22.5, 0.0012029569912691148, 0.881300309, 0.277242052, 0.382683432, 0.12600860185085103
77.91045, 22.5, 0.0012029569912691148, 0.903389219, 0.193497572, 0.382683432, 0.14576875399928063
83.28358, 22.5, 0.0012029569912691148, 0.917539111, 0.108052628, 0.382683432, 0.16902738235937265
88.65672, 22.5, 0.0012029569912691148, 0.923625637, 0.021658114, 0.382683432, 0.19582053802831514
94.02985, 22.5, 0.0012029569912691148, 0.921595307, -0.064926733, 0.382683432, 0.2262294007871787
99.40299, 22.5, 0.0012029569912691148, 0.911465965, -0.150941001, 0.382683432, 0.26041759244214135
104.77612, 22.5, 0.0012029569912691148, 0.893326627, -0.235628794, 0.382683432, 0.2986708515192185
110.14925, 22.5, 0.0012029569912691148, 0.867336702, -0.318245873, 0.382683432, 0.34143285809955876
115.52239, 22.5, 0.0012029569912691148, 0.833724592, -0.398066195, 0.382683432, 0.38932266221138767
120.89552, 22.5, 0.0012029569912691148, 0.792785679, -0.474388298, 0.382683432, 0.4430993170338699
126.26866, 22.5, 0.0012029569912691148, 0.744879738, -0.546541459, 0.382683432, 0.5034898029839583
131.64179, 22.5, 0.0012029569912691148, 0.690427767, -0.613891594, 0.382683432, 0.5706675782780757
137.01493, 22.5, 0.0012029569912691148, 0.629908291, -0.675846828, 0.382683432, 0.642836686164199
142.38806, 22.5, 0.0012029569912691148, 0.563853159, -0.731862696, 0.382683432, 0.7127173372996298
147.76119, 22.5, 0.0012029569912691148, 0.492842866, -0.781446927, 0.382683432, 0.7615791247999469
153.13433, 22.5, 0.0012029569912691148, 0.417501451, -0.824163776, 0.382683432, 0.7635385993410089
158.50746, 22.5, 0.0012029569912691148, 0.338491018, -0.859637843, 0.382683432, 0.7172575890600272
163.8806, 22.5, 0.0012029569912691148, 0.256505915, -0.887557382, 0.382683432, 0.6480957002774324
169.25373, 22.5, 0.0012029569912691148, 0.172266628, -0.907677035, 0.382683432, 0.575748458753756
174.62687, 22.5, 0.0012029569912691148, 0.086513456, -0.919819989, 0.382683432, 0.5081123611663013
180.0, 22.5, 0.0012029569912691148, -0.0, -0.923879533, 0.382683432, 0.447226006145227
185.37313, 22.5, 0.0012029569912691148, -0.086513456, -0.919819989, 0.382683432, 0.3929943430543341
190.74627, 22.5, 0.0012029569912691148, -0.172266628, -0.907677035, 0.382683432, 0.3447064909827712
196.1194, 22.5, 0.0012029569912691148, -0.256505915, -0.887557382, 0.382683432, 0.3015974655910428
201.49254, 22.5, 0.0012029569912691148, -0.338491018, -0.859637843, 0.382683432, 0.2630359626602925
206.86567, 22.5, 0.0012029569912691148, -0.417501451, -0.824163776, 0.382683432, 0.22856587475050844
212.23881, 22.5, 0.0012029569912691148, -0.492842866, -0.781446927, 0.382683432, 0.19789116439962356
217.61194, 22.5, 0.0012029569912691148, -0.563853159, -0.731862696, 0.382683432, 0.17084073275597858
222.98507, 22.5, 0.0012029569912691148, -0.629908291, -0.675846828, 0.382683432, 0.1473287516128393
228.35821, 22.5, 0.0012029569912691148, -0.690427767, -0.613891594, 0.382683432, 0.1273170655892591
233.73134, 22.5, 0.0012029569912691148, -0.744879738, -0.546541459, 0.382683432, 0.11078241419375887
239.10448, 22.5, 0.0012029569912691148, -0.792785679, -0.474388298, 0.382683432, 0.09768949500406345
244.47761, 22.5, 0.0012029569912691148, -0.833724592, -0.398066195, 0.382683432, 0.08797009706690208
249.85075, 22.5, 0.0012029569912691148, -0.867336702, -0.318245873, 0.382683432, 0.0815081609716033
255.22388, 22.5, 0.0012029569912691148, -0.893326627, -0.235628794, 0.382683432, 0.07813043721715698
260.59701, 22.5, 0.0012029569912691148, -0.911465965, -0.150941001, 0.382683432, 0.07760231196968514
265.97015, 22.5, 0.0012029569912691148, -0.921595307, -0.064926733, 0.382683432, 0.07962830154331488
271.34328, 22.5, 0.0012029569912691148, -0.923625637, 0.021658114, 0.382683432, 0.08385666373234234
276.71642, 22.5, 0.0012029569912691148, -0.917539111, 0.108052628, 0.382683432, 0.08988752833469194
282.08955, 22.5, 0.0012029569912691148, -0.903389219, 0.193497572, 0.382683432, 0.09728390983364198
287.46269, 22.5, 0.0012029569912691148, -0.881300309, 0.277242052, 0.382683432, 0.10558493393030365
292.83582, 22.5, 0.0012029569912691148, -0.851466501, 0.358550119, 0.382683432, 0.11432058904718746
298.20896, 22.5, 0.0012029569912691148, -0.814149975, 0.436707235, 0.382683432, 0.12302730666162012
303.58209, 22.5, 0.0012029569912691148, -0.769678669, 0.511026552, 0.382683432, 0.13126368251837903
308.95522, 22.5, 0.0012029569912691148, -0.7184434, 0.580854949, 0.382683432, 0.13862567585826088
314.32836, 22.5, 0.0012029569912691148, -0.660894424, 0.645578772, 0.382683432, 0.14476066643079843
319.70149, 22.5, 0.0012029569912691148, -0.597537484, 0.704629226, 0.382683432, 0.14937980904746975
325.07463, 22.5, 0.0012029569912691148, -0.528929363, 0.757487372, 0.382683432, 0.15226820173783892
330.44776, 22.5, 0.0012029569912691148, -0.455672992, 0.803688693, 0.382683432, 0.15329247431063492
335.8209, 22.5, 0.0012029569912691148, -0.378412151, 0.842827168, 0.382683432, 0.15240550664487273
341.19403, 22.5, 0.0012029569912691148, -0.297825809, 0.874558848, 0.382683432, 0.14964809714724875
346.56716, 22.5, 0.0012029569912691148, -0.214622164, 0.898604873, 0.382683432, 0.14514751809458254
351.9403, 22.5, 0.0012029569912691148, -0.129532412, 0.914753926, 0.382683432, 0.13911301264769158
357.31343, 22.5, 0.0012029569912691148, -0.043304324, 0.922864089, 0.382683432, 0.13182840484655628
2.8125, 27.5, 0.0012090896603015712, 0.043523559, 0.88594239, 0.461748613, 0.09664614166655319
8.4375, 27.5, 0.0012090896603015712, 0.13015152, 0.87741028, 0.461748613, 0.09023795136161326
14.0625, 27.5, 0.0012090896603015712, 0.215526052, 0.86042823, 0.461748613, 0.08394560358423955
19.6875, 27.5, 0.0012090896603015712, 0.29882495, 0.835159786, 0.461748613, 0.07819463168278702
25.3125, 27.5, 0.0012090896603015712, 0.379246, 0.801848296, 0.461748613, 0.07341592423144783
30.9375, 27.5, 0.0012090896603015712, 0.456014703, 0.760814569, 0.461748613, 0.07003017784011115
36.5625, 27.5, 0.0012090896603015712, 0.528391736, 0.712453782, 0.461748613, 0.06843338289844998
42.1875, 27.5, 0.0012090896603015712, 0.595680068, 0.657231675, 0.461748613, 0.06898414144852925
47.8125, 27.5, 0.0012090896603015712, 0.657231675, 0.595680068, 0.461748613, 0.07199361331683801
53.4375, 27.5, 0.0012090896603015712, 0.712453782, 0.528391736, 0.461748613, 0.07771887122442947
59.0625, 27.5, 0.0012090896603015712, 0.760814569, 0.456014703, 0.461748613, 0.08636042321417634
64.6875, 27.5, 0.0012090896603015712, 0.801848296, 0.379246, 0.461748613, 0.09806463790559417
70.3125, 27.5, 0.0012090896603015712, 0.835159786, 0.29882495, 0.461748613, 0.11293179202993522
75.9375, 27.5, 0.0012090896603015712, 0.86042823, 0.215526052, 0.461748613, 0.1310304573757467
81.5625, 27.5, 0.0012090896603015712, 0.87741028, 0.13015152, 0.461748613, 0.1524189603197051
87.1875, 27.5, 0.0012090896603015712, 0.88594239, 0.043523559, 0.461748613, 0.17717467922881908
92.8125, 27.5, 0.0012090896603015712, 0.88594239, -0.043523559, 0.461748613, 0.2054319734275582
98.4375, 27.5, 0.0012090896603015712, 0.87741028, -0.13015152, 0.461748613, 0.23742949962573542
104.0625, 27.5, 0.0012090896603015712, 0.86042823, -0.215526052, 0.461748613, 0.2735673983738791
109.6875, 27.5, 0.0012090896603015712, 0.835159786, -0.29882495, 0.461748613, 0.3144738737296827
115.3125, 27.5, 0.0012090896603015712, 0.801848296, -0.379246, 0.461748613, 0.3610777956596043
120.9375, 27.5, 0.0012090896603015712, 0.760814569, -0.456014703, 0.461748613, 0.41467538342656857
126.5625, 27.5, 0.0012090896603015712, 0.712453782, -0.528391736, 0.461748613, 0.47695220107048436
132.1875, 27.5, 0.0012090896603015712, 0.657231675, -0.595680068, 0.461748613, 0.5498274320932983
137.8125, 27.5, 0.0012090896603015712, 0.595680068, -0.657231675, 0.461748613, 0.6345918481918734
143.4375, 27.5, 0.0012090896603015712, 0.528391736, -0.712453782, 0.461748613, 0.7277263255142064
149.0625, 27.5, 0.0012090896603015712, 0.456014703, -0.760814569, 0.461748613, 0.7997468184045642
154.6875, 27.5, 0.0012090896603015712, 0.379246, -0.801848296, 0.461748613, 0.7752796335174019
160.3125, 27.5, 0.0012090896603015712, 0.29882495, -0.835159786, 0.461748613, 0.6866253284766005
165.9375, 27.5, 0.0012090896603015712, 0.215526052, -0.86042823, 0.461748613, 0.5959643381413907
171.5625, 27.5, 0.0012090896603015712, 0.13015152, -0.87741028, 0.461748613, 0.5164434868364354
177.1875, 27.5, 0.0012090896603015712, 0.043523559, -0.88594239, 0.461748613, 0.44844864702777965
182.8125, 27.5, 0.0012090896603015712, -0.043523559, -0.88594239, 0.461748613, 0.39020835889795247
188.4375, 27.5, 0.0012090896603015712, -0.13015152, -0.87741028, 0.461748613, 0.33986308883083105
194.0625, 27.5, 0.0012090896603015712, -0.215526052, -0.86042823, 0.461748613, 0.29589451271621675
199.6875, 27.5, 0.0012090896603015712, -0.29882495, -0.835159786, 0.461748613, 0.25717432704736615
205.3125, 27.5, 0.0012090896603015712, -0.379246, -0.801848296, 0.461748613, 0.2229145355827787
210.9375, 27.5, 0.0012090896603015712, -0.456014703, -0.760814569, 0.461748613, 0.19259567617427237
216.5625, 27.5, 0.0012090896603015712, -0.528391736, -0.712453782, 0.461748613, 0.16589610426019025
222.1875, 27.5, 0.0012090896603015712, -0.595680068, -0.657231675, 0.461748613, 0.14262935825474032
227.8125, 27.5, 0.0012090896603015712, -0.657231675, -0.595680068, 0.461748613, 0.12269132437270559
233.4375, 27.5, 0.0012090896603015712, -0.712453782, -0.528391736, 0.461748613, 0.10601712155874073
239.0625, 27.5, 0.0012090896603015712, -0.760814569, -0.456014703, 0.461748613, 0.0925470561663154
244.6875, 27.5, 0.0012090896603015712, -0.801848296, -0.379246, 0.461748613, 0.0822008586106858
250.3125, 27.5, 0.0012090896603015712, -0.835159786, -0.29882495, 0.461748613, 0.07485941775927032
255.9375, 27.5, 0.0012090896603015712, -0.86042823, -0.215526052, 0.461748613, 0.07035326316380923
261.5625, 27.5, 0.0012090896603015712, -0.87741028, -0.13015152, 0.461748613, 0.06845707135281288
267.1875, 27.5, 0.0012090896603015712, -0.88594239, -0.043523559, 0.461748613, 0.0688894801140432
272.8125, 27.5, 0.0012090896603015712, -0.88594239, 0.043523559, 0.461748613, 0.07131748557446466
278.4375, 27.5, 0.0012090896603015712, -0.87741028, 0.13015152, 0.461748613, 0.07536467695420627
284.0625, 27.5, 0.0012090896603015712, -0.86042823, 0.215526052, 0.461748613, 0.08062254037755398
289.6875, 27.5, 0.0012090896603015712, -0.835159786, 0.29882495, 0.461748613, 0.08666404305830083
295.3125, 27.5, 0.0012090896603015712, -0.801848296, 0.379246, 0.461748613, 0.09305869859349471
300.9375, 27.5, 0.0012090896603015712, -0.760814569, 0.456014703, 0.461748613, 0.09938831781417225
306.5625, 27.5, 0.0012090896603015712, -0.712453782, 0.528391736, 0.461748613, 0.10526267111518466
312.1875, 27.5, 0.0012090896603015712, -0.657231675, 0.595680068, 0.461748613, 0.11033432950857457
317.8125, 27.5, 0.0012090896603015712, -0.595680068, 0.657231675, 0.461748613, 0.11431201356903858
323.4375, 27.5, 0.0012090896603015712, -0.528391736, 0.712453782, 0.461748613, 0.11697186144250997
329.0625, 27.5, 0.0012090896603015712, -0.456014703, 0.760814569, 0.461748613, 0.11816612745645906
334.6875, 27.5, 0.0012090896603015712, -0.379246, 0.801848296, 0.461748613, 0.1178289388368009
340.3125, 27.5, 0.0012090896603015712, -0.29882495, 0.835159786, 0.461748613, 0.11597886600365961
345.9375, 27.5, 0.0012090896603015712, -0.215526052, 0.86042823, 0.461748613, 0.11271819775271563
351.5625, 27.5, 0.0012090896603015712, -0.13015152, 0.87741028, 0.461748613, 0.1082289519437227
357.1875, 27.5, 0.0012090896603015712, -0.043523559, 0.88594239, 0.461748613, 0.1027657906536201
2.95082, 32.5, 0.001206171087722067, 0.043416741, 0.842273185, 0.537299608, 0.07724839413871473
8.85246, 32.5, 0.001206171087722067, 0.129789996, 0.833344879, 0.537299608, 0.07274084334470397
14.7541, 32.5, 0.001206171087722067, 0.214787444, 0.815582911, 0.537299608, 0.06850635424342803
20.65574, 32.5, 0.001206171087722067, 0.297508092, 0.789175561, 0.537299608, 0.06493784061635124
26.55738, 32.5, 0.001206171087722067, 0.37707508, 0.754402754, 0.537299608, 0.06243143618063739
32.45902, 32.5, 0.001206171087722067, 0.452644979, 0.711633089, 0.537299608, 0.0613709642124014
38.36066, 32.5, 0.001206171087722067, 0.523416728, 0.661319937, 0.537299608, 0.06211375820448776
44.2623, 32.5, 0.001206171087722067, 0.58864013, 0.60399663, 0.537299608, 0.06497875941343742
50.16393, 32.5, 0.001206171087722067, 0.6476238, 0.540270807, 0.537299608, 0.070237816010389
56.06557, 32.5, 0.001206171087722067, 0.699742496, 0.47081798, 0.537299608, 0.07811109590701203
61.96721, 32.5, 0.001206171087722067, 0.744443748, 0.396374365, 0.537299608, 0.08876751000292954
67.86885, 32.5, 0.001206171087722067, 0.781253711, 0.317729083, 0.537299608, 0.10233103586971282
73.77049, 32.5, 0.001206171087722067, 0.80978219, 0.235715794, 0.537299608, 0.11889384762078148
79.67213, 32.5, 0.001206171087722067, 0.829726777, 0.151203858, 0.537299608, 0.13853721256102378
85.57377, 32.5, 0.001206171087722067, 0.840876053, 0.065089125, 0.537299608, 0.1613612287939499
91.47541, 32.5, 0.001206171087722067, 0.843111834, -0.02171557, 0.537299608, 0.18752467315425003
97.37705, 32.5, 0.001206171087722067, 0.83641042, -0.108290074, 0.537299608, 0.21729653200786433
103.27869, 32.5, 0.001206171087722067, 0.820842847, -0.193716677, 0.537299608, 0.25112122874207204
109.18033, 32.5, 0.001206171087722067, 0.796574136, -0.277089834, 0.537299608, 0.28970017503547285
115.08197, 32.5, 0.001206171087722067, 0.763861541, -0.357525771, 0.537299608, 0.33409309517946656
120.98361, 32.5, 0.001206171087722067, 0.723051824, -0.434171845, 0.537299608, 0.3858436405961396
126.88525, 32.5, 0.001206171087722067, 0.674577577, -0.50621559, 0.537299608, 0.44713514854293857
132.78689, 32.5, 0.001206171087722067, 0.61895264, -0.572893323, 0.537299608, 0.5209839469156025
138.68852, 32.5, 0.001206171087722067, 0.556766652, -0.633498245, 0.537299608, 0.6114787372902113
144.59016, 32.5, 0.001206171087722067, 0.488678798, -0.687387928, 0.537299608, 0.7240674595546466
150.4918, 32.5, 0.001206171087722067, 0.415410827, -0.733991128, 0.537299608, 0.8633831524729363
156.39344, 32.5, 0.001206171087722067, 0.337739398, -0.772813839, 0.537299608, 0.7304895343799696
162.29508, 32.5, 0.001206171087722067, 0.256487848, -0.803444531, 0.537299608, 0.6166060766229183
168.19672, 32.5, 0.001206171087722067, 0.172517463, -0.825558511, 0.537299608, 0.5251343591912522
174.09836, 32.5, 0.001206171087722067, 0.086718349, -0.838921366, 0.537299608, 0.4505497268154901
180.0, 32.5, 0.001206171087722067, -0.0, -0.843391446, 0.537299608, 0.3887017553977223
185.90164, 32.5, 0.001206171087722067, -0.086718349, -0.838921366, 0.537299608, 0.3365259012718427
191.80328, 32.5, 0.001206171087722067, -0.172517463, -0.825558511, 0.537299608, 0.29180157445021626
197.70492, 32.5, 0.001206171087722067, -0.256487848, -0.803444531, 0.537299608, 0.2529567043841833
203.60656, 32.5, 0.001206171087722067, -0.337739398, -0.772813839, 0.537299608, 0.21891026807400668
209.5082, 32.5, 0.001206171087722067, -0.415410827, -0.733991128, 0.537299608, 0.18894529963380244
215.40984, 32.5, 0.001206171087722067, -0.488678798, -0.687387928, 0.537299608, 0.1626064525784365
221.31148, 32.5, 0.001206171087722067, -0.556766652, -0.633498245, 0.537299608, 0.13961753639938043
227.21311, 32.5, 0.001206171087722067, -0.61895264, -0.572893323, 0.537299608, 0.119815530188693
233.11475, 32.5, 0.001206171087722067, -0.674577577, -0.50621559, 0.537299608, 0.1030984098599922
239.01639, 32.5, 0.001206171087722067, -0.723051824, -0.434171845, 0.537299608, 0.08938474847350625
244.91803, 32.5, 0.001206171087722067, -0.763861541, -0.357525771, 0.537299608, 0.0785834983317111
250.81967, 32.5, 0.001206171087722067, -0.796574136, -0.277089834, 0.537299608, 0.0705726729352696
256.72131, 32.5, 0.001206171087722067, -0.820842847, -0.193716677, 0.537299608, 0.06518584689147444
262.62295, 32.5, 0.001206171087722067, -0.83641042, -0.108290074, 0.537299608, 0.06220550901242155
268.52459, 32.5, 0.001206171087722067, -0.843111834, -0.02171557, 0.537299608, 0.061362361165796256
274.42623, 32.5, 0.001206171087722067, -0.840876053, 0.065089125, 0.537299608, 0.0623396727345649
280.32787, 32.5, 0.001206171087722067, -0.829726777, 0.151203858, 0.537299608, 0.06478179459359368
286.22951, 32.5, 0.001206171087722067, -0.80978219, 0.235715794, 0.537299608, 0.068305921329785
292.13115, 32.5, 0.001206171087722067, -0.781253711, 0.317729083, 0.537299608, 0.07251617742009211
298.03279, 32.5, 0.001206171087722067, -0.744443748, 0.396374365, 0.537299608, 0.07701910118260205
303.93443, 32.5, 0.001206171087722067, -0.699742496, 0.47081798, 0.537299608, 0.08143961614779605
309.83607, 32.5, 0.001206171087722067, -0.6476238, 0.540270807, 0.537299608, 0.08543661748168531
315.7377, 32.5, 0.001206171087722067, -0.58864013, 0.60399663, 0.537299608, 0.08871736358936672
321.63934, 32.5, 0.001206171087722067, -0.523416728, 0.661319937, 0.537299608, 0.09104995047999018
327.54098, 32.5, 0.001206171087722067, -0.452644979, 0.711633089, 0.537299608, 0.09227325757707588
333.44262, 32.5, 0.001206171087722067, -0.37707508, 0.754402754, 0.537299608, 0.09230388556738871
339.34426, 32.5, 0.001206171087722067, -0.297508092, 0.789175561, 0.537299608, 0.09113975548700914
345.2459, 32.5, 0.001206171087722067, -0.214787444, 0.815582911, 0.537299608, 0.08886019850350658
351.14754, 32.5, 0.001206171087722067, -0.129789996, 0.833344879, 0.537299608, 0.08562253214882486
357.04918, 32.5, 0.001206171087722067, -0.043416741, 0.842273185, 0.537299608, 0.08165528520358557
3.15789, 37.5, 0.0012142311111490037, 0.043704059, 0.792148646, 0.608761429, 0.06350825021992533
9.47368, 37.5, 0.0012142311111490037, 0.130581668, 0.782533035, 0.608761429, 0.06056982028465263
15.78947, 37.5, 0.0012142311111490037, 0.215874193, 0.763418532, 0.608761429, 0.058070883072433105
22.10526, 37.5, 0.0012142311111490037, 0.298546297, 0.735037163, 0.608761429, 0.056393646526371854
28.42105, 37.5, 0.0012142311111490037, 0.377594454, 0.697733438, 0.608761429, 0.05592076129225214
34.73684, 37.5, 0.0012142311111490037, 0.452059126, 0.651960175, 0.608761429, 0.05701849100949163
41.05263, 37.5, 0.0012142311111490037, 0.521036412, 0.598272998, 0.608761429, 0.060021883852948064
47.36842, 37.5, 0.0012142311111490037, 0.583689022, 0.537323597, 0.608761429, 0.0652231544262469
53.68421, 37.5, 0.0012142311111490037, 0.639256438, 0.469851816, 0.608761429, 0.07286447544021034
60.0, 37.5, 0.0012142311111490037, 0.687064147, 0.39667667, 0.608761429, 0.08313635210229035
66.31579, 37.5, 0.0012142311111490037, 0.726531828, 0.318686407, 0.608761429, 0.09618272058383104
72.63158, 37.5, 0.0012142311111490037, 0.757180396, 0.236827722, 0.608761429, 0.112113888095476
78.94737, 37.5, 0.0012142311111490037, 0.778637821, 0.15209427, 0.608761429, 0.1310284267333627
85.26316, 37.5, 0.0012142311111490037, 0.790643636, 0.0655146, 0.608761429, 0.15304514817340925
91.57895, 37.5, 0.0012142311111490037, 0.79305211, -0.02186033, 0.608761429, 0.1783462978642901
97.89474, 37.5, 0.0012142311111490037, 0.785834004, -0.108969904, 0.608761429, 0.20723302476019098
104.21053, 37.5, 0.0012142311111490037, 0.769076939, -0.194756731, 0.608761429, 0.24019373423275295
110.52632, 37.5, 0.0012142311111490037, 0.742984321, -0.278179476, 0.608761429, 0.2779843287118284
116.84211, 37.5, 0.0012142311111490037, 0.707872881, -0.358225498, 0.608761429, 0.32171416763710386
123.15789, 37.5, 0.0012142311111490037, 0.664168822, -0.433923148, 0.608761429, 0.3729146237006621
129.47368, 37.5, 0.0012142311111490037, 0.612402653, -0.504353559, 0.608761429, 0.433505829466319
135.78947, 37.5, 0.0012142311111490037, 0.553202746, -0.568661801, 0.608761429, 0.5053124005773998
142.10526, 37.5, 0.0012142311111490037, 0.487287707, -0.626067259, 0.608761429, 0.587286035462402
148.42105, 37.5, 0.0012142311111490037, 0.415457656, -0.675873109, 0.608761429, 0.6582932343878306
154.73684, 37.5, 0.0012142311111490037, 0.338584511, -0.717474774, 0.608761429, 0.6420578422233251
161.05263, 37.5, 0.0012142311111490037, 0.257601408, -0.750367268, 0.608761429, 0.5623371246651566
167.36842, 37.5, 0.0012142311111490037, 0.173491374, -0.77415132, 0.608761429, 0.482767382330294
173.68421, 37.5, 0.0012142311111490037, 0.08727539, -0.788538223, 0.608761429, 0.4144173852357276
180.0, 37.5, 0.0012142311111490037, 0.0, -0.79335334, 0.608761429, 0.35682767829650036
186.31579, 37.5, 0.0012142311111490037, -0.08727539, -0.788538223, 0.608761429, 0.3080306086694392
192.63158, 37.5, 0.0012142311111490037, -0.173491374, -0.77415132, 0.608761429, 0.266203819490057
198.94737, 37.5, 0.0012142311111490037, -0.257601408, -0.750367268, 0.608761429, 0.22994521235306162
205.26316, 37.5, 0.0012142311111490037, -0.338584511, -0.717474774, 0.608761429, 0.19825906675172716
211.57895, 37.5, 0.0012142311111490037, -0.415457656, -0.675873109, 0.608761429, 0.1704778180202927
217.89474, 37.5, 0.0012142311111490037, -0.487287707, -0.626067259, 0.608761429, 0.14617653688203772
224.21053, 37.5, 0.0012142311111490037, -0.553202746, -0.568661801, 0.608761429, 0.12509592167802008
230.52632, 37.5, 0.0012142311111490037, -0.612402653, -0.504353559, 0.608761429, 0.10707777495456207
236.84211, 37.5, 0.0012142311111490037, -0.664168822, -0.433923148, 0.608761429, 0.09201327339029237
243.15789, 37.5, 0.0012142311111490037, -0.707872881, -0.358225498, 0.608761429, 0.07980322163472287
249.47368, 37.5, 0.0012142311111490037, -0.742984321, -0.278179476, 0.608761429, 0.07032918908678205
255.78947, 37.5, 0.0012142311111490037, -0.769076939, -0.194756731, 0.608761429, 0.06343439068448918
262.10526, 37.5, 0.0012142311111490037, -0.785834004, -0.108969904, 0.608761429, 0.05891319054025142
268.42105, 37.5, 0.0012142311111490037, -0.79305211, -0.02186033, 0.608761429, 0.05650811698609088
274.73684, 37.5, 0.0012142311111490037, -0.790643636, 0.0655146, 0.608761429, 0.05591326595299052
281.05263, 37.5, 0.0012142311111490037, -0.778637821, 0.15209427, 0.608761429, 0.05678294218144169
287.36842, 37.5, 0.0012142311111490037, -0.757180396, 0.236827722, 0.608761429, 0.058744356374250344
293.68421, 37.5, 0.0012142311111490037, -0.726531828, 0.318686407, 0.608761429, 0.061413173751859236
300.0, 37.5, 0.0012142311111490037, -0.687064147, 0.39667667, 0.608761429, 0.06441070674910931
306.31579, 37.5, 0.0012142311111490037, -0.639256438, 0.469851816, 0.608761429, 0.0673815704533615
312.63158, 37.5, 0.0012142311111490037, -0.583689022, 0.537323597, 0.608761429, 0.07001067952247292
318.94737, 37.5, 0.0012142311111490037, -0.521036412, 0.598272998, 0.608761429, 0.07203856238284313
325.26316, 37.5, 0.0012142311111490037, -0.452059126, 0.651960175, 0.608761429, 0.07327410218983395
331.57895, 37.5, 0.0012142311111490037, -0.377594454, 0.697733438, 0.608761429, 0.0736039813270856
337.89474, 37.5, 0.0012142311111490037, -0.298546297, 0.735037163, 0.608761429, 0.07299830178246668
344.21053, 37.5, 0.0012142311111490037, -0.215874193, 0.763418532, 0.608761429, 0.0715120703646922
350.52632, 37.5, 0.0012142311111490037, -0.130581668, 0.782533035, 0.608761429, 0.069282466910834
356.84211, 37.5, 0.0012142311111490037, -0.043704059, 0.792148646, 0.608761429, 0.06652204614148027
3.39623, 42.5, 0.00121356927358506, 0.043676772, 0.73598248, 0.675590208, 0.05419442460842739
10.18868, 42.5, 0.00121356927358506, 0.130417191, 0.725650899, 0.675590208, 0.05264993148062781
16.98113, 42.5, 0.00121356927358506, 0.215326838, 0.705132771, 0.675590208, 0.05171171967461482
23.77358, 42.5, 0.00121356927358506, 0.297213768, 0.674716123, 0.675590208, 0.05175193482857526
30.56604, 42.5, 0.00121356927358506, 0.374928469, 0.634827941, 0.675590208, 0.05313978505513853
37.35849, 42.5, 0.00121356927358506, 0.447379995, 0.586028166, 0.675590208, 0.056223245798882514
44.15094, 42.5, 0.00121356927358506, 0.513551288, 0.52900184, 0.675590208, 0.06131368853693357
50.9434, 42.5, 0.00121356927358506, 0.572513445, 0.464549487, 0.675590208, 0.06867500210750466
57.73585, 42.5, 0.00121356927358506, 0.623438769, 0.393575878, 0.675590208, 0.07851871744556908
64.5283, 42.5, 0.00121356927358506, 0.66561238, 0.317077327, 0.675590208, 0.09100653923701968
71.32075, 42.5, 0.00121356927358506, 0.698442251, 0.236127705, 0.675590208, 0.10626152599080944
78.11321, 42.5, 0.00121356927358506, 0.721467525, 0.151863367, 0.675590208, 0.12438891277115521
84.90566, 42.5, 0.00121356927358506, 0.734364975, 0.065467201, 0.675590208, 0.14550714648577157
91.69811, 42.5, 0.00121356927358506, 0.736953552, -0.021847981, 0.675590208, 0.1697888634520431
98.49057, 42.5, 0.00121356927358506, 0.729196915, -0.108856465, 0.675590208, 0.19750968403803776
105.28302, 42.5, 0.00121356927358506, 0.711203953, -0.194336844, 0.675590208, 0.22909830337465265
112.07547, 42.5, 0.00121356927358506, 0.683227246, -0.277089159, 0.675590208, 0.2651703490813845
118.86792, 42.5, 0.00121356927358506, 0.645659526, -0.355951749, 0.675590208, 0.3064992676656074
125.66038, 42.5, 0.00121356927358506, 0.599028162, -0.429817558, 0.675590208, 0.3537946855298927
132.45283, 42.5, 0.00121356927358506, 0.543987755, -0.49764967, 0.675590208, 0.40690943160888
139.24528, 42.5, 0.00121356927358506, 0.481310953, -0.558495871, 0.675590208, 0.4623689318154534
146.03774, 42.5, 0.00121356927358506, 0.4118776, -0.611502015, 0.675590208, 0.5071189178453792
152.83019, 42.5, 0.00121356927358506, 0.336662388, -0.655924011, 0.675590208, 0.5155677618294279
159.62264, 42.5, 0.00121356927358506, 0.256721174, -0.691138271, 0.675590208, 0.48065811773998046
166.41509, 42.5, 0.00121356927358506, 0.173176158, -0.716650465, 0.675590208, 0.4267418541897735
173.20755, 42.5, 0.00121356927358506, 0.087200128, -0.732102458, 0.675590208, 0.37208110670587413
180.0, 42.5, 0.00121356927358506, 0.0, -0.737277337, 0.675590208, 0.3226075801647792
186.79245, 42.5, 0.00121356927358506, -0.087200128, -0.732102458, 0.675590208, 0.2792205635950494
193.58491, 42.5, 0.00121356927358506, -0.173176158, -0.716650465, 0.675590208, 0.24137262803468795
200.37736, 42.5, 0.00121356927358506, -0.256721174, -0.691138271, 0.675590208, 0.20827030082201264
207.16981, 42.5, 0.00121356927358506, -0.336662388, -0.655924011, 0.675590208, 0.1792326639723746
213.96226, 42.5, 0.00121356927358506, -0.4118776, -0.611502015, 0.675590208, 0.15376664147120309
220.75472, 42.5, 0.00121356927358506, -0.481310953, -0.558495871, 0.675590208, 0.13154763091748758
227.54717, 42.5, 0.00121356927358506, -0.543987755, -0.49764967, 0.675590208, 0.11237224328950123
234.33962, 42.5, 0.00121356927358506, -0.599028162, -0.429817558, 0.675590208, 0.09610793684801278
241.13208, 42.5, 0.00121356927358506, -0.645659526, -0.355951749, 0.675590208, 0.08264886726289059
247.92453, 42.5, 0.00121356927358506, -0.683227246, -0.277089159, 0.675590208, 0.07188122122300884
254.71698, 42.5, 0.00121356927358506, -0.711203953, -0.194336844, 0.675590208, 0.06365879694712041
261.50943, 42.5, 0.00121356927358506, -0.729196915, -0.108856465, 0.675590208, 0.05778849279796093
268.30189, 42.5, 0.00121356927358506, -0.736953552, -0.021847981, 0.675590208, 0.05402483242648425
275.09434, 42.5, 0.00121356927358506, -0.734364975, 0.065467201, 0.675590208, 0.052072360190135794
281.88679, 42.5, 0.00121356927358506, -0.721467525, 0.151863367, 0.675590208, 0.051594553858076334
288.67925, 42.5, 0.00121356927358506, -0.698442251, 0.236127705, 0.675590208, 0.05222777633313869
295.4717, 42.5, 0.00121356927358506, -0.66561238, 0.317077327, 0.675590208, 0.053598712455158404
302.26415, 42.5, 0.00121356927358506, -0.623438769, 0.393575878, 0.675590208, 0.05534371228531374
309.0566, 42.5, 0.00121356927358506, -0.572513445, 0.464549487, 0.675590208, 0.057128493413429446
315.84906, 42.5, 0.00121356927358506, -0.513551288, 0.52900184, 0.675590208, 0.05866674547175598
322.64151, 42.5, 0.00121356927358506, -0.447379995, 0.586028166, 0.675590208, 0.05973633072474889
329.43396, 42.5, 0.00121356927358506, -0.374928469, 0.634827941, 0.675590208, 0.06019198199748525
336.22642, 42.5, 0.00121356927358506, -0.297213768, 0.674716123, 0.675590208, 0.05997365608844851
343.01887, 42.5, 0.00121356927358506, -0.215326838, 0.705132771, 0.675590208, 0.05910999655643376
349.81132, 42.5, 0.00121356927358506, -0.130417191, 0.725650899, 0.675590208, 0.05771668110326177
356.60377, 42.5, 0.00121356927358506, -0.043676772, 0.73598248, 0.675590208, 0.05598976071574145
3.67347, 47.5, 0.0012028094271924591, 0.043285213, 0.674202135, 0.737277337, 0.048434249199317124
11.02041, 47.5, 0.0012028094271924591, 0.129144898, 0.663131755, 0.737277337, 0.04814478192713199
18.36735, 47.5, 0.0012028094271924591, 0.212884026, 0.641172769, 0.737277337, 0.04863133904418173
25.71429, 47.5, 0.0012028094271924591, 0.293127605, 0.608685745, 0.737277337, 0.05025486843148931
33.06122, 47.5, 0.0012028094271924591, 0.368558037, 0.566204117, 0.737277337, 0.053369075742056106
40.40816, 47.5, 0.0012028094271924591, 0.437936756, 0.514425433, 0.737277337, 0.05830049610790708
47.7551, 47.5, 0.0012028094271924591, 0.500124566, 0.454199898, 0.737277337, 0.0653327380827514
55.10204, 47.5, 0.0012028094271924591, 0.554100344, 0.386516413, 0.737277337, 0.07469685220531973
62.44898, 47.5, 0.0012028094271924591, 0.598977809, 0.31248634, 0.737277337, 0.08656953475992014
69.79592, 47.5, 0.0012028094271924591, 0.634020076, 0.233325249, 0.737277337, 0.10108045004944424
77.14286, 47.5, 0.0012028094271924591, 0.658651751, 0.150332964, 0.737277337, 0.11832922680555986
84.4898, 47.5, 0.0012028094271924591, 0.672468382, 0.064872216, 0.737277337, 0.13841138416622703
91.83673, 47.5, 0.0012028094271924591, 0.6752431, -0.021653732, 0.737277337, 0.1614499429773941
99.18367, 47.5, 0.0012028094271924591, 0.666930346, -0.107824126, 0.737277337, 0.1876243395543383
106.53061, 47.5, 0.0012028094271924591, 0.647666614, -0.192224051, 0.737277337, 0.2171771505379385
113.87755, 47.5, 0.0012028094271924591, 0.617768214, -0.273467663, 0.737277337, 0.250354340442135
121.22449, 47.5, 0.0012028094271924591, 0.577726077, -0.350220943, 0.737277337, 0.2871791814603734
128.57143, 47.5, 0.0012028094271924591, 0.528197694, -0.421223605, 0.737277337, 0.3268444402052529
135.91837, 47.5, 0.0012028094271924591, 0.469996319, -0.485309787, 0.737277337, 0.36635030117893663
143.26531, 47.5, 0.0012028094271924591, 0.404077617, -0.541427195, 0.737277337, 0.3983596196406153
150.61224, 47.5, 0.0012028094271924591, 0.331523973, -0.588654384, 0.737277337, 0.41133353137521217
157.95918, 47.5, 0.0012028094271924591, 0.253526714, -0.626215885, 0.737277337, 0.3985540979723467
165.30612, 47.5, 0.0012028094271924591, 0.171366553, -0.653494937, 0.737277337, 0.3666483300713338
172.65306, 47.5, 0.0012028094271924591, 0.086392558, -0.670043621, 0.737277337, 0.3271660391748918
180.0, 47.5, 0.0012028094271924591, 0.0, -0.675590208, 0.737277337, 0.2874859682744297
187.34694, 47.5, 0.0012028094271924591, -0.086392558, -0.670043621, 0.737277337, 0.2506335591154501
194.69388, 47.5, 0.0012028094271924591, -0.171366553, -0.653494937, 0.737277337, 0.21742684605727666
202.04082, 47.5, 0.0012028094271924591, -0.253526714, -0.626215885, 0.737277337, 0.18784605309441274
209.38776, 47.5, 0.0012028094271924591, -0.331523973, -0.588654384, 0.737277337, 0.16164577315480255
216.73469, 47.5, 0.0012028094271924591, -0.404077617, -0.541427195, 0.737277337, 0.13858303252550158
224.08163, 47.5, 0.0012028094271924591, -0.469996319, -0.485309787, 0.737277337, 0.11847786885113587
231.42857, 47.5, 0.0012028094271924591, -0.528197694, -0.421223605, 0.737277337, 0.10120691370348198
238.77551, 47.5, 0.0012028094271924591, -0.577726077, -0.350220943, 0.737277337, 0.08667455762116753
246.12245, 47.5, 0.0012028094271924591, -0.617768214, -0.273467663, 0.737277337, 0.07478131764088891
253.46939, 47.5, 0.0012028094271924591, -0.647666614, -0.192224051, 0.737277337, 0.06539784868066036
260.81633, 47.5, 0.0012028094271924591, -0.666930346, -0.107824126, 0.737277337, 0.05834787076690343
268.16327, 47.5, 0.0012028094271924591, -0.6752431, -0.021653732, 0.737277337, 0.05340077064892204
275.5102, 47.5, 0.0012028094271924591, -0.672468382, 0.064872216, 0.737277337, 0.05027332974823473
282.85714, 47.5, 0.0012028094271924591, -0.658651751, 0.150332964, 0.737277337, 0.04863929951281125
290.20408, 47.5, 0.0012028094271924591, -0.634020076, 0.233325249, 0.737277337, 0.04814511617835288
297.55102, 47.5, 0.0012028094271924591, -0.598977809, 0.31248634, 0.737277337, 0.04842980389166824
304.89796, 47.5, 0.0012028094271924591, -0.554100344, 0.386516413, 0.737277337, 0.04914701168692756
312.2449, 47.5, 0.0012028094271924591, -0.500124566, 0.454199898, 0.737277337, 0.04998714797067057
319.59184, 47.5, 0.0012028094271924591, -0.437936756, 0.514425433, 0.737277337, 0.05069770724503898
326.93878, 47.5, 0.0012028094271924591, -0.368558037, 0.566204117, 0.737277337, 0.05110011925137463
334.28571, 47.5, 0.0012028094271924591, -0.293127605, 0.608685745, 0.737277337, 0.05110177826601764
341.63265, 47.5, 0.0012028094271924591, -0.212884026, 0.641172769, 0.737277337, 0.05070231266087511
348.97959, 47.5, 0.0012028094271924591, -0.129144898, 0.663131755, 0.737277337, 0.04999361010263501
356.32653, 47.5, 0.0012028094271924591, -0.043285213, 0.674202135, 0.737277337, 0.0491535964494941
4.09091, 52.5, 0.0012069909356821308, 0.043428543, 0.607210375, 0.79335334, 0.04562318404836693
12.27273, 52.5, 0.0012069909356821308, 0.129401549, 0.594849322, 0.79335334, 0.04650900551661554
20.45455, 52.5, 0.0012069909356821308, 0.212740313, 0.570378854, 0.79335334, 0.04840052932137311
28.63636, 52.5, 0.0012069909356821308, 0.291748298, 0.534297116, 0.79335334, 0.05166791823173016
36.81818, 52.5, 0.0012069909356821308, 0.364817129, 0.48733863, 0.79335334, 0.05666561787546993
45.0, 52.5, 0.0012069909356821308, 0.430459335, 0.430459335, 0.79335334, 0.063708308361078
53.18182, 52.5, 0.0012069909356821308, 0.48733863, 0.364817129, 0.79335334, 0.07305358443722018
61.36364, 52.5, 0.0012069909356821308, 0.534297116, 0.291748298, 0.79335334, 0.08489380634706861
69.54545, 52.5, 0.0012069909356821308, 0.570378854, 0.212740313, 0.79335334, 0.09935851916129734
77.72727, 52.5, 0.0012069909356821308, 0.594849322, 0.129401549, 0.79335334, 0.11652697217725684
85.90909, 52.5, 0.0012069909356821308, 0.607210375, 0.043428543, 0.79335334, 0.13644690704434806
94.09091, 52.5, 0.0012069909356821308, 0.607210375, -0.043428543, 0.79335334, 0.15914950420779173
102.27273, 52.5, 0.0012069909356821308, 0.594849322, -0.129401549, 0.79335334, 0.18463833673762664
110.45455, 52.5, 0.0012069909356821308, 0.570378854, -0.212740313, 0.79335334, 0.21280729835362247
118.63636, 52.5, 0.0012069909356821308, 0.534297116, -0.291748298, 0.79335334, 0.2432028598625133
126.81818, 52.5, 0.0012069909356821308, 0.48733863, -0.364817129, 0.79335334, 0.2745001743896901
135.0, 52.5, 0.0012069909356821308, 0.430459335, -0.430459335, 0.79335334, 0.3036225077367912
143.18182, 52.5, 0.0012069909356821308, 0.364817129, -0.48733863, 0.79335334, 0.325024069824318
151.36364, 52.5, 0.0012069909356821308, 0.291748298, -0.534297116, 0.79335334, 0.3321183219303943
159.54545, 52.5, 0.0012069909356821308, 0.212740313, -0.570378854, 0.79335334, 0.3221142992156239
167.72727, 52.5, 0.0012069909356821308, 0.129401549, -0.594849322, 0.79335334, 0.2988533360694477
175.90909, 52.5, 0.0012069909356821308, 0.043428543, -0.607210375, 0.79335334, 0.26901561792682455
184.09091, 52.5, 0.0012069909356821308, -0.043428543, -0.607210375, 0.79335334, 0.23771716710536245
192.27273, 52.5, 0.0012069909356821308, -0.129401549, -0.594849322, 0.79335334, 0.20765276362082527
200.45455, 52.5, 0.0012069909356821308, -0.212740313, -0.570378854, 0.79335334, 0.17993863460032525
208.63636, 52.5, 0.0012069909356821308, -0.291748298, -0.534297116, 0.79335334, 0.15493895315841774
216.81818, 52.5, 0.0012069909356821308, -0.364817129, -0.48733863, 0.79335334, 0.1327290973353344
225.0, 52.5, 0.0012069909356821308, -0.430459335, -0.430459335, 0.79335334, 0.11329750584938074
233.18182, 52.5, 0.0012069909356821308, -0.48733863, -0.364817129, 0.79335334, 0.09661043017357467
241.36364, 52.5, 0.0012069909356821308, -0.534297116, -0.291748298, 0.79335334, 0.08261596121342617
249.54545, 52.5, 0.0012069909356821308, -0.570378854, -0.212740313, 0.79335334, 0.07122724334887769
257.72727, 52.5, 0.0012069909356821308, -0.594849322, -0.129401549, 0.79335334, 0.06230429069279065
265.90909, 52.5, 0.0012069909356821308, -0.607210375, -0.043428543, 0.79335334, 0.055643095042542605
274.09091, 52.5, 0.0012069909356821308, -0.607210375, 0.043428543, 0.79335334, 0.05097510550237686
282.27273, 52.5, 0.0012069909356821308, -0.594849322, 0.129401549, 0.79335334, 0.04797713606259718
290.45455, 52.5, 0.0012069909356821308, -0.570378854, 0.212740313, 0.79335334, 0.046290071420229784
298.63636, 52.5, 0.0012069909356821308, -0.534297116, 0.291748298, 0.79335334, 0.04554380299915858
306.81818, 52.5, 0.0012069909356821308, -0.48733863, 0.364817129, 0.79335334, 0.0453853642414354
315.0, 52.5, 0.0012069909356821308, -0.430459335, 0.430459335, 0.79335334, 0.04550712061998474
323.18182, 52.5, 0.0012069909356821308, -0.364817129, 0.48733863, 0.79335334, 0.04567204065212626
331.36364, 52.5, 0.0012069909356821308, -0.291748298, 0.534297116, 0.79335334, 0.0457334848918358
339.54545, 52.5, 0.0012069909356821308, -0.212740313, 0.570378854, 0.79335334, 0.04564755704348819
347.72727, 52.5, 0.0012069909356821308, -0.129401549, 0.594849322, 0.79335334, 0.04547681524046817
355.90909, 52.5, 0.0012069909356821308, -0.043428543, 0.607210375, 0.79335334, 0.045384984845572955
4.61538, 57.5, 0.0012018810127037655, 0.043234656, 0.535557311, 0.843391446, 0.04534493306280039
13.84615, 57.5, 0.0012018810127037655, 0.128584213, 0.521686658, 0.843391446, 0.04736979696274604
23.07692, 57.5, 0.0012018810127037655, 0.210603506, 0.494304595, 0.843391446, 0.05066668870961139
32.30769, 57.5, 0.0012018810127037655, 0.287168279, 0.454120302, 0.843391446, 0.055610958518031155
41.53846, 57.5, 0.0012018810127037655, 0.356295545, 0.402174532, 0.843391446, 0.06254767609169194
50.76923, 57.5, 0.0012018810127037655, 0.416194943, 0.339812653, 0.843391446, 0.07176161532983295
60.0, 57.5, 0.0012018810127037655, 0.46531511, 0.268649804, 0.843391446, 0.08345735158837943
69.23077, 57.5, 0.0012018810127037655, 0.502383861, 0.190529067, 0.843391446, 0.09775113999476509
78.46154, 57.5, 0.0012018810127037655, 0.526441134, 0.107473727, 0.843391446, 0.11467228906171432
87.69231, 57.5, 0.0012018810127037655, 0.536863857, 0.021634874, 0.843391446, 0.1341648366659318
96.92308, 57.5, 0.0012018810127037655, 0.533382089, -0.064764311, 0.843391446, 0.15606856402263738
106.15385, 57.5, 0.0012018810127037655, 0.516086005, -0.149486134, 0.843391446, 0.18003969901430122
115.38462, 57.5, 0.0012018810127037655, 0.485423565, -0.230336345, 0.843391446, 0.20534884283965613
124.61538, 57.5, 0.0012018810127037655, 0.442188909, -0.305220966, 0.843391446, 0.23049495805384335
133.84615, 57.5, 0.0012018810127037655, 0.387501792, -0.372200524, 0.843391446, 0.2527071460656666
143.07692, 57.5, 0.0012018810127037655, 0.322778583, -0.429540284, 0.843391446, 0.2678654440058768
152.30769, 57.5, 0.0012018810127037655, 0.249695578, -0.475755176, 0.843391446, 0.2718925354859447
161.53846, 57.5, 0.0012018810127037655, 0.170145589, -0.509648259, 0.843391446, 0.2634942431559592
170.76923, 57.5, 0.0012018810127037655, 0.086188918, -0.53034172, 0.843391446, 0.24526423881510778
180.0, 57.5, 0.0012018810127037655, 0.0, -0.537299608, 0.843391446, 0.2215782641512603
189.23077, 57.5, 0.0012018810127037655, -0.086188918, -0.53034172, 0.843391446, 0.19613008322622758
198.46154, 57.5, 0.0012018810127037655, -0.170145589, -0.509648259, 0.843391446, 0.17118173018352834
207.69231, 57.5, 0.0012018810127037655, -0.249695578, -0.475755176, 0.843391446, 0.14789922435307126
216.92308, 57.5, 0.0012018810127037655, -0.322778583, -0.429540284, 0.843391446, 0.12683866573579197
226.15385, 57.5, 0.0012018810127037655, -0.387501792, -0.372200524, 0.843391446, 0.10826224544113214
235.38462, 57.5, 0.0012018810127037655, -0.442188909, -0.305220966, 0.843391446, 0.09228766705404726
244.61538, 57.5, 0.0012018810127037655, -0.485423565, -0.230336345, 0.843391446, 0.07893962772697138
253.84615, 57.5, 0.0012018810127037655, -0.516086005, -0.149486134, 0.843391446, 0.06815791132245329
263.07692, 57.5, 0.0012018810127037655, -0.533382089, -0.064764311, 0.843391446, 0.059794150478300126
272.30769, 57.5, 0.0012018810127037655, -0.536863857, 0.021634874, 0.843391446, 0.05361326337506126
281.53846, 57.5, 0.0012018810127037655, -0.526441134, 0.107473727, 0.843391446, 0.04930582027779691
290.76923, 57.5, 0.0012018810127037655, -0.502383861, 0.190529067, 0.843391446, 0.04651193276924901
300.0, 57.5, 0.0012018810127037655, -0.46531511, 0.268649804, 0.843391446, 0.04485405233903209
309.23077, 57.5, 0.0012018810127037655, -0.416194943, 0.339812653, 0.843391446, 0.04397438734912892
318.46154, 57.5, 0.0012018810127037655, -0.356295545, 0.402174532, 0.843391446, 0.043572011359377424
327.69231, 57.5, 0.0012018810127037655, -0.287168279, 0.454120302, 0.843391446, 0.04343487624597792
336.92308, 57.5, 0.0012018810127037655, -0.210603506, 0.494304595, 0.843391446, 0.04346268728380337
346.15385, 57.5, 0.0012018810127037655, -0.128584213, 0.521686658, 0.843391446, 0.04367779617239021
355.38462, 57.5, 0.0012018810127037655, -0.043234656, 0.535557311, 0.843391446, 0.04422276970834095
5.45455, 62.5, 0.0012206782803700395, 0.043891996, 0.45965778, 0.887010833, 0.047326012503542195
16.36364, 62.5, 0.0012206782803700395, 0.130089617, 0.44304455, 0.887010833, 0.05061071477666594
27.27273, 62.5, 0.0012206782803700395, 0.211585461, 0.410418536, 0.887010833, 0.05559483751516458
38.18182, 62.5, 0.0012206782803700395, 0.285434055, 0.362958926, 0.887010833, 0.06267678935448946
49.09091, 62.5, 0.0012206782803700395, 0.348966318, 0.302381036, 0.887010833, 0.07218589826887077
60.0, 62.5, 0.0012206782803700395, 0.399886029, 0.230874307, 0.887010833, 0.08433652110988168
70.90909, 62.5, 0.0012206782803700395, 0.436352818, 0.151023178, 0.887010833, 0.09919685228791084
81.81818, 62.5, 0.0012206782803700395, 0.457048678, 0.065713679, 0.887010833, 0.11666553000326262
92.72727, 62.5, 0.0012206782803700395, 0.461225609, -0.021970884, 0.887010833, 0.13643331022418975
103.63636, 62.5, 0.0012206782803700395, 0.448732644, -0.108861362, 0.887010833, 0.15788640738761522
114.54545, 62.5, 0.0012206782803700395, 0.420021312, -0.191817306, 0.887010833, 0.17989665442617211
125.45455, 62.5, 0.0012206782803700395, 0.376129316, -0.267840474, 0.887010833, 0.20049628446242748
136.36364, 62.5, 0.0012206782803700395, 0.318643027, -0.334183188, 0.887010833, 0.21666934282680816
147.27273, 62.5, 0.0012206782803700395, 0.249640148, -0.388447652, 0.887010833, 0.2248960664692315
158.18182, 62.5, 0.0012206782803700395, 0.171614623, -0.428672606, 0.887010833, 0.2228869017764169
169.09091, 62.5, 0.0012206782803700395, 0.0873865, -0.453404214, 0.887010833, 0.21123581467987634
180.0, 62.5, 0.0012206782803700395, 0.0, -0.461748613, 0.887010833, 0.19295557598920318
190.90909, 62.5, 0.0012206782803700395, -0.0873865, -0.453404214, 0.887010833, 0.1715171406591433
201.81818, 62.5, 0.0012206782803700395, -0.171614623, -0.428672606, 0.887010833, 0.14954105729369896
212.72727, 62.5, 0.0012206782803700395, -0.249640148, -0.388447652, 0.887010833, 0.12863341410656068
223.63636, 62.5, 0.0012206782803700395, -0.318643027, -0.334183188, 0.887010833, 0.10969207415854766
234.54545, 62.5, 0.0012206782803700395, -0.376129316, -0.267840474, 0.887010833, 0.09319686363312313
245.45455, 62.5, 0.0012206782803700395, -0.420021312, -0.191817306, 0.887010833, 0.07937049188905067
256.36364, 62.5, 0.0012206782803700395, -0.448732644, -0.108861362, 0.887010833, 0.068246498070283
267.27273, 62.5, 0.0012206782803700395, -0.461225609, -0.021970884, 0.887010833, 0.05969791446668387
278.18182, 62.5, 0.0012206782803700395, -0.457048678, 0.065713679, 0.887010833, 0.053461961208698304
289.09091, 62.5, 0.0012206782803700395, -0.436352818, 0.151023178, 0.887010833, 0.049176698729669927
300.0, 62.5, 0.0012206782803700395, -0.399886029, 0.230874307, 0.887010833, 0.046432130065196656
310.90909, 62.5, 0.0012206782803700395, -0.348966318, 0.302381036, 0.887010833, 0.044830343737503185
321.81818, 62.5, 0.0012206782803700395, -0.285434055, 0.362958926, 0.887010833, 0.04404551986712342
332.72727, 62.5, 0.0012206782803700395, -0.211585461, 0.410418536, 0.887010833, 0.04387389314818334
343.63636, 62.5, 0.0012206782803700395, -0.130089617, 0.44304455, 0.887010833, 0.04426528223311318
354.54545, 62.5, 0.0012206782803700395, -0.043891996, 0.45965778, 0.887010833, 0.04533088247673233
6.42857, 67.5, 0.0011923154910449436, 0.04284695, 0.380277199, 0.923879533, 0.05128932965684317
19.28571, 67.5, 0.0011923154910449436, 0.126392325, 0.361208513, 0.923879533, 0.055760659407897144
32.14286, 67.5, 0.0011923154910449436, 0.203599861, 0.324027323, 0.923879533, 0.06233754108703997
45.0, 67.5, 0.0011923154910449436, 0.27059805, 0.27059805, 0.923879533, 0.07136760765186678
57.85714, 67.5, 0.0011923154910449436, 0.324027323, 0.203599861, 0.923879533, 0.0830572954031753
70.71429, 67.5, 0.0011923154910449436, 0.361208513, 0.126392325, 0.923879533, 0.09739621320687528
83.57143, 67.5, 0.0011923154910449436, 0.380277199, 0.04284695, 0.923879533, 0.1140881813999098
96.42857, 67.5, 0.0011923154910449436, 0.380277199, -0.04284695, 0.923879533, 0.13245974424594426
109.28571, 67.5, 0.0011923154910449436, 0.361208513, -0.126392325, 0.923879533, 0.15130659515441966
122.14286, 67.5, 0.0011923154910449436, 0.324027323, -0.203599861, 0.923879533, 0.1686920793285671
135.0, 67.5, 0.0011923154910449436, 0.27059805, -0.27059805, 0.923879533, 0.18191150267621162
147.85714, 67.5, 0.0011923154910449436, 0.203599861, -0.324027323, 0.923879533, 0.1880937467622488
160.71429, 67.5, 0.0011923154910449436, 0.126392325, -0.361208513, 0.923879533, 0.18559566007388606
173.57143, 67.5, 0.0011923154910449436, 0.04284695, -0.380277199, 0.923879533, 0.17510650431019825
186.42857, 67.5, 0.0011923154910449436, -0.04284695, -0.380277199, 0.923879533, 0.15915943809761798
199.28571, 67.5, 0.0011923154910449436, -0.126392325, -0.361208513, 0.923879533, 0.1406590648842718
212.14286, 67.5, 0.0011923154910449436, -0.203599861, -0.324027323, 0.923879533, 0.12189535326680986
225.0, 67.5, 0.0011923154910449436, -0.27059805, -0.27059805, 0.923879533, 0.10436651316387656
237.85714, 67.5, 0.0011923154910449436, -0.324027323, -0.203599861, 0.923879533, 0.08895257314658794
250.71429, 67.5, 0.0011923154910449436, -0.361208513, -0.126392325, 0.923879533, 0.07609905022409079
263.57143, 67.5, 0.0011923154910449436, -0.380277199, -0.04284695, 0.923879533, 0.06593124553299111
276.42857, 67.5, 0.0011923154910449436, -0.380277199, 0.04284695, 0.923879533, 0.058328143772979055
289.28571, 67.5, 0.0011923154910449436, -0.361208513, 0.126392325, 0.923879533, 0.05299302460838761
302.14286, 67.5, 0.0011923154910449436, -0.324027323, 0.203599861, 0.923879533, 0.049537319672217944
315.0, 67.5, 0.0011923154910449436, -0.27059805, 0.27059805, 0.923879533, 0.047574608417503786
327.85714, 67.5, 0.0011923154910449436, -0.203599861, 0.324027323, 0.923879533, 0.046810200373890797
340.71429, 67.5, 0.0011923154910449436, -0.126392325, 0.361208513, 0.923879533, 0.04710856705826583
353.57143, 67.5, 0.0011923154910449436, -0.04284695, 0.380277199, 0.923879533, 0.04852422719127921
8.18182, 72.5, 0.0011924184319618133, 0.042794897, 0.297645048, 0.953716951, 0.05719661707509411
24.54545, 72.5, 0.0011924184319618133, 0.124917704, 0.273531616, 0.953716951, 0.06323385790131036
40.90909, 72.5, 0.0011924184319618133, 0.196920421, 0.22725828, 0.953716951, 0.07208292030277011
57.27273, 72.5, 0.0011924184319618133, 0.252969816, 0.162573829, 0.953716951, 0.0839071130739955
73.63636, 72.5, 0.0011924184319618133, 0.288525102, 0.084718614, 0.953716951, 0.0984733467107947
90.0, 72.5, 0.0011924184319618133, 0.3007058, 0.0, 0.953716951, 0.11496966070992436
106.36364, 72.5, 0.0011924184319618133, 0.288525102, -0.084718614, 0.953716951, 0.13182111280932662
122.72727, 72.5, 0.0011924184319618133, 0.252969816, -0.162573829, 0.953716951, 0.146564956308639
139.09091, 72.5, 0.0011924184319618133, 0.196920421, -0.22725828, 0.953716951, 0.15611346672577794
155.45455, 72.5, 0.0011924184319618133, 0.124917704, -0.273531616, 0.953716951, 0.15787174769755782
171.81818, 72.5, 0.0011924184319618133, 0.042794897, -0.297645048, 0.953716951, 0.15130274828077947
188.18182, 72.5, 0.0011924184319618133, -0.042794897, -0.297645048, 0.953716951, 0.13831627918051975
204.54545, 72.5, 0.0011924184319618133, -0.124917704, -0.273531616, 0.953716951, 0.12198515508531707
220.90909, 72.5, 0.0011924184319618133, -0.196920421, -0.22725828, 0.953716951, 0.10510226130839963
237.27273, 72.5, 0.0011924184319618133, -0.252969816, -0.162573829, 0.953716951, 0.08960373547560116
253.63636, 72.5, 0.0011924184319618133, -0.288525102, -0.084718614, 0.953716951, 0.07659339642671596
270.0, 72.5, 0.0011924184319618133, -0.3007058, -0.0, 0.953716951, 0.06652077981570163
286.36364, 72.5, 0.0011924184319618133, -0.288525102, 0.084718614, 0.953716951, 0.059363048902044836
302.72727, 72.5, 0.0011924184319618133, -0.252969816, 0.162573829, 0.953716951, 0.054814372380026816
319.09091, 72.5, 0.0011924184319618133, -0.196920421, 0.22725828, 0.953716951, 0.05248834469923912
335.45455, 72.5, 0.0011924184319618133, -0.124917704, 0.273531616, 0.953716951, 0.05210387170866786
351.81818, 72.5, 0.0011924184319618133, -0.042794897, 0.297645048, 0.953716951, 0.05360762497816215
11.25, 77.5, 0.0011801204201962359, 0.042225274, 0.212280787, 0.976296007, 0.0649509991653369
33.75, 77.5, 0.0011801204201962359, 0.120247407, 0.179962962, 0.976296007, 0.07299313284850382
56.25, 77.5, 0.0011801204201962359, 0.179962962, 0.120247407, 0.976296007, 0.08467450246564413
78.75, 77.5, 0.0011801204201962359, 0.212280787, 0.042225274, 0.976296007, 0.09919610727908394
101.25, 77.5, 0.0011801204201962359, 0.212280787, -0.042225274, 0.976296007, 0.11450724836575439
123.75, 77.5, 0.0011801204201962359, 0.179962962, -0.120247407, 0.976296007, 0.12719615483968827
146.25, 77.5, 0.0011801204201962359, 0.120247407, -0.179962962, 0.976296007, 0.13332144181336142
168.75, 77.5, 0.0011801204201962359, 0.042225274, -0.212280787, 0.976296007, 0.130559969810686
191.25, 77.5, 0.0011801204201962359, -0.042225274, -0.212280787, 0.976296007, 0.11999558222958855
213.75, 77.5, 0.0011801204201962359, -0.120247407, -0.179962962, 0.976296007, 0.10523954118579082
236.25, 77.5, 0.0011801204201962359, -0.179962962, -0.120247407, 0.976296007, 0.09008681382361114
258.75, 77.5, 0.0011801204201962359, -0.212280787, -0.042225274, 0.976296007, 0.07714079060360068
281.25, 77.5, 0.0011801204201962359, -0.212280787, 0.042225274, 0.976296007, 0.06764564085862339
303.75, 77.5, 0.0011801204201962359, -0.179962962, 0.120247407, 0.976296007, 0.06185252289038865
326.25, 77.5, 0.0011801204201962359, -0.120247407, 0.179962962, 0.976296007, 0.059550012564504706
348.75, 77.5, 0.0011801204201962359, -0.042225274, 0.212280787, 0.976296007, 0.060553308464629814
20.0, 82.5, 0.001265216119948609, 0.044642587, 0.1226545, 0.991444861, 0.07504118737522766
60.0, 82.5, 0.001265216119948609, 0.113038998, 0.065263096, 0.991444861, 0.08754184665655397
100.0, 82.5, 0.001265216119948609, 0.128543206, -0.022665635, 0.991444861, 0.10279259590954698
140.0, 82.5, 0.001265216119948609, 0.083900619, -0.099988864, 0.991444861, 0.11238083653614317
180.0, 82.5, 0.001265216119948609, 0.0, -0.130526192, 0.991444861, 0.10920520957472639
220.0, 82.5, 0.001265216119948609, -0.083900619, -0.099988864, 0.991444861, 0.09577147719146482
260.0, 82.5, 0.001265216119948609, -0.128543206, -0.022665635, 0.991444861, 0.08099268892925926
300.0, 82.5, 0.001265216119948609, -0.113038998, 0.065263096, 0.991444861, 0.07144618593707289
340.0, 82.5, 0.001265216119948609, -0.044642587, 0.1226545, 0.991444861, 0.06938114717332773
60.0, 87.5, 0.001268433969418156, 0.037775498, 0.021809694, 0.999048222, 0.08793693281476461
180.0, 87.5, 0.001268433969418156, 0.0, -0.043619387, 0.999048222, 0.09458809500932099
300.0, 87.5, 0.001268433969418156, -0.037775498, 0.021809694, 0.999048222, 0.08206406241853002
